transaction_id,user_id,ml_score,threshold,final_decision,risk_tier,rule_flags,shap_explanation,timestamp,model_version
9694aba2-5c87-45f9-a2aa-f8d2668286a6,404cb179-77ff-47d2-9045-526bde182b66,1.960261e-07,0.25,approve,medium,[],,2026-07-07 22:18:11.839954,fraud_model_v1
4bac69b2-04fa-4808-90f9-82efc506e696,c8b11801-8ef1-4f8b-b6ce-c2e0d0c5bd63,1.1106706e-05,0.3,approve,low,[],,2026-07-07 22:18:11.839954,fraud_model_v1
81449217-f2a5-4be6-8794-de3984e70dd7,9993e571-f1b1-4d6c-95fb-41f3d9a5ae84,0.00041239965,0.3,approve,low,[],,2026-07-07 22:18:11.839954,fraud_model_v1
762f068a-8fde-4d78-ab73-92cbfa6f8d4b,4f56dd9c-ce43-48d3-9d64-8d713389aef2,0.99898976,0.15,review,high,[],"{'distance_from_home_km': 7.679828627067618, 'user_7day_transaction_count': 5.329207890898106, 'beneficiary_account_age_days': 2.8613050357438623}",2026-07-07 22:18:11.839954,fraud_model_v1
c064a20e-8a2a-423d-a29f-aa5f3b283b00,d11f0a9c-78e4-4e20-bbab-1eb62e49b75f,1.434701e-05,0.3,block,low,['new_beneficiary_rule'],,2026-07-07 22:18:11.839954,fraud_model_v1
c21315a4-a6e4-4691-b673-a1c7ff929ca4,020177af-2226-4c3e-81eb-78755f36f485,0.018046206,0.3,approve,low,[],,2026-07-07 22:18:11.839954,fraud_model_v1
b5ebfe69-1ebf-4190-9afa-8a397b6e5b6a,8d98add7-b8e8-4c1e-a022-62df78fa86ff,0.0005225146,0.3,approve,low,[],,2026-07-07 22:18:11.839954,fraud_model_v1
c46a3824-6184-4042-b5aa-a4fc02bfa04f,27c9ab32-beb0-4347-baf0-d65fdf692dbc,0.008234711,0.3,approve,low,[],,2026-07-07 22:18:11.839954,fraud_model_v1
95c2c5be-b383-48ab-b53b-2887ec4f6d72,10a3d4f4-28b5-468b-b711-610a116eeb4f,0.002205984,0.3,approve,low,[],,2026-07-07 22:18:11.839954,fraud_model_v1
98af5c57-f208-4524-93e0-cc028adadbe2,4f218f01-0602-420a-9b36-aa51b3e1a69f,0.00046232034,0.25,approve,medium,[],,2026-07-07 22:18:11.839954,fraud_model_v1
10568246-c72f-48b0-b683-c6fb617637c3,b3ed8be4-75ca-4d71-9eb9-7997dce89773,0.001176984,0.3,approve,low,[],,2026-07-07 22:18:11.839954,fraud_model_v1
4756c398-41a3-4c53-a18c-25dba177f597,2ebda47e-5fc1-4e1f-b27f-ea54c6532f53,0.0067766705,0.25,approve,medium,[],,2026-07-07 22:18:11.839954,fraud_model_v1
7033ee44-f7a7-43ab-a89e-4cf9121a5b57,881a5a99-2a46-47bb-810b-502be534bb4f,9.649733e-06,0.3,approve,low,[],,2026-07-07 22:18:11.839954,fraud_model_v1
43f452a6-b640-46ca-a91b-15def71c2461,eb23658c-ef30-45f1-b4a2-8cee24368773,0.0070504895,0.25,block,medium,['velocity_rule'],,2026-07-07 22:18:11.839954,fraud_model_v1
0a698ef7-3188-47e5-bd37-c63f422dc3f1,bca45499-e8c8-433f-a847-f1231732906f,0.0024204326,0.3,approve,low,[],,2026-07-07 22:18:11.839954,fraud_model_v1
81a07d0a-2c13-4c69-bb5e-36ddadfc47b8,c19631ce-c11a-47c5-b45a-93c14e8f0256,8.1932216e-05,0.3,approve,low,[],,2026-07-07 22:18:11.839954,fraud_model_v1
e92f509c-8f1c-45b1-b784-345d5209fa0f,91fc6d10-85aa-4204-8658-800b20e4e246,0.99901474,0.3,review,low,[],"{'distance_from_home_km': 7.567006722886581, 'beneficiary_account_age_days': 6.7011596081522296, 'amount': 5.451577702132053}",2026-07-07 22:18:11.839954,fraud_model_v1
82a72c85-dde2-431b-bf34-963ee5122cf6,e4903977-fe5b-48ca-9370-c6ce27385996,0.00072014215,0.25,block,medium,['high_risk_country_rule'],,2026-07-07 22:18:11.839954,fraud_model_v1
0439a852-5358-4070-b24e-6f1cce5627c5,ffec3a29-28ad-4d62-83eb-088b53582420,0.99712414,0.25,review,medium,[],"{'amount': 6.471852541961125, 'beneficiary_account_age_days': 5.920454556351178, 'user_7day_transaction_count': 4.806773779101204}",2026-07-07 22:18:11.839954,fraud_model_v1
15012782-5222-4634-a493-58f467ea4422,dc455719-4476-4043-bef4-6ceeba5980f7,0.00010685129,0.3,block,low,['new_beneficiary_rule'],,2026-07-07 22:18:11.839954,fraud_model_v1
d98b69f4-2e3b-43a7-841b-89fbe58e1238,c14b1601-b1a2-49f7-a1e3-9705fd45d115,0.57983506,0.3,review,low,[],"{'transaction_balance_ratio': 5.255389706696151, 'beneficiary_account_age_days': 5.117763059505378, 'amount': 2.113103032738436}",2026-07-07 22:18:11.839954,fraud_model_v1
5abdc006-b323-44dd-9f68-4b682a7c8c17,feea3671-6d62-46ed-afe3-dab2acf75497,0.0036313098,0.3,approve,low,[],,2026-07-07 22:18:11.839954,fraud_model_v1
338138f0-8a74-422e-9b83-06fa1c522f60,3a728864-bb13-48aa-897b-3c5b35e565fa,3.0627303e-05,0.15,block,high,['new_beneficiary_rule'],,2026-07-07 22:18:11.839954,fraud_model_v1
17da5a79-4a96-4df4-bf99-0f2eeac7d9e7,2e911b40-ad47-496a-981b-7a9c238bfcc1,0.001113113,0.3,approve,low,[],,2026-07-07 22:18:11.839954,fraud_model_v1
c2403cf7-8e9d-4e7a-8cd7-d469d5d14b99,37d1fe6f-838d-46af-a20f-a9f24532470b,0.99560624,0.3,review,low,[],"{'beneficiary_account_age_days': 7.431974522180972, 'transaction_balance_ratio': 6.044620978466701, 'user_7day_transaction_count': 4.655186844102572}",2026-07-07 22:18:11.839954,fraud_model_v1
ce173678-a332-4c90-adfa-1380a2d3341c,8e5ae426-88a2-4fca-acaf-a11d2f3f7f3c,0.36383697,0.3,review,low,[],"{'transaction_balance_ratio': 6.416886733099818, 'time_since_last_login_minutes': 4.399167057711748, 'user_7day_transaction_count': 2.1541456880280747}",2026-07-07 22:18:11.839954,fraud_model_v1
4f636c45-1c5e-4f05-84fb-28af576b301e,3b5d62c8-3739-434f-b192-ca6c27e2a700,0.9998254,0.3,review,low,[],"{'transaction_balance_ratio': 7.046467387081357, 'user_7day_transaction_count': 5.468489627471427, 'time_since_last_login_minutes': 5.005208576298901}",2026-07-07 22:18:11.839954,fraud_model_v1
17d7bd2b-0478-40d8-91a9-a5508052295e,68fc2cf7-0d44-4a7d-ada4-abe3f5108726,0.0036542814,0.3,block,low,"['high_risk_country_rule', 'biometric_structuring_rule', 'biometric_evasion_rule']",,2026-07-07 22:18:11.839954,fraud_model_v1
1ca904a7-aa8e-4f80-b6af-4b4c2d28f8b4,e6fa570d-7087-4442-be58-f58e9a7be3b9,6.156166e-05,0.3,block,low,['velocity_rule'],,2026-07-07 22:18:11.839954,fraud_model_v1
141de0e7-af3b-4a02-a841-6778569f20a3,7db46313-8b7a-4845-b52d-3d42cc664b22,3.3785336e-06,0.3,approve,low,[],,2026-07-07 22:18:11.839954,fraud_model_v1
05ee61b4-4a3d-4b93-a039-1e73f1b6a058,aec9cda4-a053-48ad-8072-4653296db565,0.0001027238,0.15,block,high,['high_risk_country_rule'],,2026-07-07 22:18:11.839954,fraud_model_v1
b423fd0a-39af-4572-8c05-311ccd05e79f,6f8a0b99-23b9-469e-94d9-4a374170a26e,5.08802e-06,0.3,approve,low,[],,2026-07-07 22:18:11.839954,fraud_model_v1
09015870-9cd4-4996-8636-34c226752bd2,b8c1b9da-2ebd-4f50-8392-d79e0a26c089,0.00076391734,0.25,approve,medium,[],,2026-07-07 22:18:11.839954,fraud_model_v1
15e56471-2603-4925-9955-2c6ffd5dfede,abce953d-498d-4acb-b4ec-49db7fdcddba,5.0376757e-06,0.3,approve,low,[],,2026-07-07 22:18:11.839954,fraud_model_v1
1dd23b18-ccf2-47b1-a54d-e5353078d11e,abce953d-498d-4acb-b4ec-49db7fdcddba,5.0376757e-06,0.3,approve,low,[],,2026-07-07 22:18:11.839954,fraud_model_v1
5afcd6e0-01ca-43dc-9338-2bc8802ed64d,72fd4616-cafa-4951-8f35-da30d40e2a5f,3.272756e-08,0.3,block,low,['new_beneficiary_rule'],,2026-07-07 22:18:11.839954,fraud_model_v1
f7ae3016-8714-41cc-b7e7-67e4b7950cfb,79019eb1-d591-46e1-a8cc-6180a6e3b261,0.08136963,0.25,approve,medium,[],,2026-07-07 22:18:11.839954,fraud_model_v1
0b8c54fb-951e-40db-b8bf-d6e9604b36bc,ef800df9-d822-4ad7-a9b6-2b67696903b4,0.0008239068,0.3,block,low,['new_beneficiary_rule'],,2026-07-07 22:18:11.839954,fraud_model_v1
4e1b5283-aa37-4864-9288-0a4dbdd2b883,cdf65f88-ee04-4436-8967-040edc1b0d56,1.6081556e-08,0.3,approve,low,[],,2026-07-07 22:18:11.839954,fraud_model_v1
58a1aacb-eded-44d7-bc0e-283c04cf3720,62dc11b8-e942-42f0-b43d-2db66d0ff89c,3.8325772e-05,0.3,block,low,['new_beneficiary_rule'],,2026-07-07 22:18:11.839954,fraud_model_v1
7d429b7e-efb7-4dea-9a5f-5af1378e8b81,947f89bb-8218-4055-bcbc-1ffe54167835,9.3746394e-08,0.25,approve,medium,[],,2026-07-07 22:18:11.839954,fraud_model_v1
a60a300c-9a3c-4cf2-bf06-b325e43b8665,f805d666-d40a-4eca-800d-b7402a780aca,0.44966817,0.3,block,low,['high_risk_country_rule'],,2026-07-07 22:18:11.839954,fraud_model_v1
8f2d9392-154f-401b-b065-264b4c1fc508,0a7f02f5-a991-4c80-a4f3-8bea1914ec98,6.212993e-08,0.25,approve,medium,[],,2026-07-07 22:18:11.839954,fraud_model_v1
c4f20bf6-4ab9-40e5-acdc-2daf8f52c6b5,40736f7f-07a4-47c1-81b6-09d380f61420,4.8300204e-05,0.3,approve,low,[],,2026-07-07 22:18:11.839954,fraud_model_v1
52dad2c1-595f-443f-9780-bb6bcb8eaf79,9f0a6063-d3ac-4e8d-9831-3a262de77067,2.4998251e-05,0.3,approve,low,[],,2026-07-07 22:18:11.839954,fraud_model_v1
2815d342-6bb4-42cf-a991-c16e6f63d5b1,92cc4383-72e1-4d9d-a358-677fb2455a21,5.6991492e-05,0.3,approve,low,[],,2026-07-07 22:18:11.839954,fraud_model_v1
6afc7472-39e4-42e4-8a03-bdfda6c34678,08904f7e-30a1-447d-a5c2-c0fe2d4cd5f7,0.05776128,0.25,approve,medium,[],,2026-07-07 22:18:11.839954,fraud_model_v1
b7f936d3-2b93-45c9-b5cc-61f38a3cfd85,92999362-f0d1-466b-8572-55339cc83035,3.3531178e-06,0.3,approve,low,[],,2026-07-07 22:18:11.839954,fraud_model_v1
0ef6c752-afca-4df4-b452-00efb612beb1,a62f18ee-bfff-4940-8f64-de05d8225331,0.00087160064,0.3,approve,low,[],,2026-07-07 22:18:11.839954,fraud_model_v1
dcee29a9-82fc-45e3-8199-546dd0894c03,a62f18ee-bfff-4940-8f64-de05d8225331,0.0009098441,0.3,approve,low,[],,2026-07-07 22:18:11.839954,fraud_model_v1
199246cf-cd33-409c-86d1-fbbd2b131242,57089bc6-80eb-45c5-b159-6635485b7011,0.00013012026,0.3,approve,low,[],,2026-07-07 22:18:11.839954,fraud_model_v1
7d63f9f7-991d-4e13-b863-8e92660c8954,58b0ff43-5e76-4960-b49d-63c8a40cc14b,5.3494492e-05,0.3,approve,low,[],,2026-07-07 22:18:11.839954,fraud_model_v1
f30e624b-3c3b-4784-b097-51004c4e9b0a,03e92e7b-6ab1-471e-a9a2-73f927a6ada9,8.250605e-05,0.3,approve,low,[],,2026-07-07 22:18:11.839954,fraud_model_v1
cd66ab4a-a9bc-4cd5-91bd-23baf9e57f33,90aa69f3-d47a-4e9f-b739-1ef197d1f569,1.2773336e-05,0.3,approve,low,[],,2026-07-07 22:18:11.839954,fraud_model_v1
a6a32198-a022-4d00-ae99-ce93b8d1275c,97a37f95-337d-4ea7-8f45-a73fcaefd7c9,0.7456679,0.15,review,high,[],"{'beneficiary_account_age_days': 5.1186997928237545, 'time_since_last_login_minutes': 4.9286489384737795, 'distance_from_home_km': 2.6079054074757733}",2026-07-07 22:18:11.839954,fraud_model_v1
ce722118-bdc8-4826-a906-d850faf8bfc4,7fe76bbe-bfc6-457a-995b-4588564c0aa7,0.0025006153,0.25,approve,medium,[],,2026-07-07 22:18:11.839954,fraud_model_v1
e8906df6-9832-4830-865d-7ca83676aa39,c8b11801-8ef1-4f8b-b6ce-c2e0d0c5bd63,2.715077e-06,0.3,approve,low,[],,2026-07-07 22:18:11.839954,fraud_model_v1
7997af78-f604-4b70-8150-dd6ac5fd7e44,4d5c1433-1f94-4648-8d83-0ddf9ea25b3f,0.0010168653,0.15,approve,high,[],,2026-07-07 22:18:11.839954,fraud_model_v1
e52a6212-3227-40c4-ab4e-7b5b8dbaeee2,474d7c0e-f912-4149-8bd7-345e4c0d6eb2,0.99632335,0.3,block,low,['new_beneficiary_rule'],,2026-07-07 22:18:11.839954,fraud_model_v1
e930c477-d2cf-4578-a638-edc6cef1880d,57089bc6-80eb-45c5-b159-6635485b7011,0.00013450772,0.3,approve,low,[],,2026-07-07 22:18:11.839954,fraud_model_v1
5569e1d0-e125-4218-98a2-bde692217dd6,e9b04afe-c1c3-4d9b-945d-68ae6c08eb11,8.744694e-05,0.3,block,low,['high_risk_country_rule'],,2026-07-07 22:18:11.839954,fraud_model_v1
402baaf9-b4c6-408a-aecd-ee5411f685d3,c2207c09-b817-4202-93c2-bdad68617fd7,1.102433e-06,0.15,approve,high,[],,2026-07-07 22:18:11.839954,fraud_model_v1
9152fcc5-c9db-4799-99c9-a2ddf7611fed,a36132dd-c807-4492-94ee-10705bbb78f9,0.9972609,0.3,review,low,[],"{'user_7day_transaction_count': 4.711905586051871, 'time_since_last_login_minutes': 3.617542835436179, 'transaction_balance_ratio': 3.5401226903067435}",2026-07-07 22:18:11.839954,fraud_model_v1
2304a0a7-475b-42df-afe5-24a281b5f26b,308b4676-4b18-42fe-afc7-aa9a1b61e20e,1.2642536e-05,0.3,approve,low,[],,2026-07-07 22:18:11.839954,fraud_model_v1
ee925e6f-67dc-45ee-8ee2-f597f5c6233a,c677ba41-8263-4e9a-888f-e00468a5e809,6.970767e-06,0.3,block,low,['velocity_rule'],,2026-07-07 22:18:11.839954,fraud_model_v1
10bbdc17-cb64-4400-9691-d7602b59906e,4eaf235a-c5d4-44a9-858a-8d273c064587,7.237779e-07,0.3,approve,low,[],,2026-07-07 22:18:11.839954,fraud_model_v1
a3d8258b-4fe3-41ea-8366-b5d516fe69a0,368ceb7c-5e1e-4981-8f93-8e2a8dc790ee,1.1779746e-07,0.25,approve,medium,[],,2026-07-07 22:18:11.839954,fraud_model_v1
06a79288-b273-49cd-b7d5-7876ca66bdd4,811c4f90-3e34-4529-bd12-fe2f24420250,0.00011381516,0.15,approve,high,[],,2026-07-07 22:18:11.839954,fraud_model_v1
eeb5585f-102f-42b0-b118-11a71dee4115,5d63ef91-5570-4939-8d7e-df46f244d4b7,4.09484e-06,0.25,approve,medium,[],,2026-07-07 22:18:11.839954,fraud_model_v1
c2868879-f509-4938-9703-d176cdeb3b57,d57e7685-9d4b-4171-ad40-2ed43af6d059,0.00022733277,0.3,block,low,['velocity_rule'],,2026-07-07 22:18:11.839954,fraud_model_v1
910fe97b-f047-4c33-8ef4-3f214bc65440,2a6ca409-41f4-408b-b47c-7c95e5500999,7.688405e-07,0.15,approve,high,[],,2026-07-07 22:18:11.839954,fraud_model_v1
4d2a0b1d-cbb3-4ed9-b4dc-548cb853b43a,eb8820c5-32ab-4325-af49-5f6eaf872388,1.08162185e-05,0.3,approve,low,[],,2026-07-07 22:18:11.839954,fraud_model_v1
0798b809-b515-41e1-8346-a020141b4d41,0e4a8c39-6969-4d87-b3c8-2b947bf38b47,0.92271215,0.3,review,low,[],"{'beneficiary_account_age_days': 8.342893675114029, 'time_since_last_login_minutes': 4.928195968296495, 'distance_from_home_km': 3.217499454774661}",2026-07-07 22:18:11.839954,fraud_model_v1
8a43d739-4fa4-4171-8dcf-6317075012f2,b544d733-2deb-414c-89aa-d22de763e9e3,0.00093708467,0.3,approve,low,[],,2026-07-07 22:18:11.839954,fraud_model_v1
268e2a73-bcf5-43cf-be8a-fe1657a035eb,b2cac248-bab7-44d7-b762-90953924892c,0.00025054053,0.25,approve,medium,[],,2026-07-07 22:18:11.839954,fraud_model_v1
7e2785a7-13e2-40af-a80a-d41a26498785,7777a203-1036-46fd-aab6-83bbfc2e3765,1.4815334e-05,0.25,approve,medium,[],,2026-07-07 22:18:11.839954,fraud_model_v1
7323ce86-482c-4c58-95dd-6a233fbaa056,b06b64ab-b72a-45c5-9a7b-81fee114cc15,0.0013490533,0.3,approve,low,[],,2026-07-07 22:18:11.839954,fraud_model_v1
e593b0d4-e084-4179-be37-6a13791a8ad9,41289bff-0489-43e3-a2b9-831643242f29,2.8491613e-07,0.25,approve,medium,[],,2026-07-07 22:18:11.839954,fraud_model_v1
9066bf02-b521-4c39-89f8-9de721f25f69,2512fc08-3a87-4e03-a27b-3c1d651c4f4e,0.00045052834,0.25,approve,medium,[],,2026-07-07 22:18:11.839954,fraud_model_v1
5ba57556-ebc3-41ef-8c21-2133a261c517,ae9c82f7-f2d1-41a6-bb9a-6ef2be6cbde9,0.0019390474,0.3,approve,low,[],,2026-07-07 22:18:11.839954,fraud_model_v1
99d212e7-4592-4309-ba18-2d8c2c0ee1a5,f974f290-a3c7-4820-935e-55afdc19009c,8.3159705e-07,0.15,approve,high,[],,2026-07-07 22:18:11.839954,fraud_model_v1
9eb0af62-119a-45f8-b179-728bd524af16,aa776dfa-84e6-4cd2-89ad-d98e8e529265,6.5696404e-05,0.3,approve,low,[],,2026-07-07 22:18:11.839954,fraud_model_v1
07f610ba-d1ee-4e20-b2b0-3dc6f1a5f7a6,9c33eafe-d47f-448a-96c8-4fb61e939f74,8.9679794e-08,0.3,block,low,['new_beneficiary_rule'],,2026-07-07 22:18:11.839954,fraud_model_v1
70faeae8-d07d-4d06-b869-c29b66805192,a331cf9d-9b5c-477a-b342-20b641f6ca04,0.9980367,0.3,block,low,['high_risk_country_rule'],,2026-07-07 22:18:11.839954,fraud_model_v1
75d24c99-ae18-40b8-9aeb-5b4baaaa04f2,c7cc294a-0208-4868-8c40-06264f1c2e9b,0.0014878843,0.3,approve,low,[],,2026-07-07 22:18:11.839954,fraud_model_v1
a299c0b1-9f96-446c-9c00-859515746789,93751ca5-1fb3-4b8c-8f54-0ca8e974a5f3,8.199915e-08,0.3,approve,low,[],,2026-07-07 22:18:11.839954,fraud_model_v1
cab76a56-132f-4153-9b47-0cd3ffb495a0,a6a17084-5420-468f-8b2a-95d1afcfb66c,3.038306e-06,0.3,approve,low,[],,2026-07-07 22:18:11.839954,fraud_model_v1
6fb23af4-66c3-45cb-8c6b-a5eac247b6e8,c39877d6-7608-4a73-9cf7-622554291271,0.003717996,0.3,approve,low,[],,2026-07-07 22:18:11.839954,fraud_model_v1
798b0b52-ff7d-4598-84e4-0b4d1a81faba,f77653f7-4295-470d-8289-3b4ad5ea3321,1.4349952e-06,0.3,approve,low,[],,2026-07-07 22:18:11.839954,fraud_model_v1
f97470f1-9613-4401-96ef-9a8d97653dc7,68c38f71-bba7-4bfe-a3ca-3f567b5671fd,5.315453e-06,0.3,approve,low,[],,2026-07-07 22:18:11.839954,fraud_model_v1
5474eb75-815e-4573-a0d1-1bdc2c3856c5,d3c536f0-5fa3-4afa-887d-0381f1dc2ea4,0.0021458166,0.3,approve,low,[],,2026-07-07 22:18:11.839954,fraud_model_v1
66ed456e-845e-4eb0-86ae-d788736db3f9,6a0c4dfd-66a6-473e-b89a-d4b10aff907e,4.9472305e-06,0.3,approve,low,[],,2026-07-07 22:18:11.839954,fraud_model_v1
1fc455f9-d907-4e27-9536-5de51e85e461,d6c51f88-34fc-4a42-bc3e-cdf8f82cb3d6,4.409068e-07,0.25,block,medium,['new_beneficiary_rule'],,2026-07-07 22:18:11.839954,fraud_model_v1
f7ad8e29-0975-4aa3-a2c6-4d33db3a6284,a8db2fd5-d2b8-4e29-a432-6ad2562c487f,0.00025999823,0.3,block,low,['velocity_rule'],,2026-07-07 22:18:11.839954,fraud_model_v1
5ef73283-f2f3-4935-ab84-449500641ed3,db739dc1-09b6-4d11-a8f2-e0ffe9f45bce,1.8901092e-08,0.25,approve,medium,[],,2026-07-07 22:18:11.839954,fraud_model_v1
3cba3af7-220a-4c5d-a9ce-c96d45a3ad99,a2319f44-954a-4643-a0bc-658a7be74564,5.5989633e-05,0.3,approve,low,[],,2026-07-07 22:18:11.839954,fraud_model_v1
ad217c6c-e942-4184-a7a8-ebcac39a5b32,881a5a99-2a46-47bb-810b-502be534bb4f,0.012207902,0.3,approve,low,[],,2026-07-07 22:18:11.839954,fraud_model_v1
2ff2ab25-d8d6-4469-8725-4d14a396a7a3,5cf7098a-1f1b-4805-8427-246f11e3c197,0.49081984,0.3,review,low,[],"{'user_7day_transaction_count': 5.770249817407457, 'amount': 3.6724620350589974, 'time_since_last_login_minutes': -2.111218171478831}",2026-07-07 22:18:11.839954,fraud_model_v1
1975f005-c605-4af1-ba36-e8b3e3793799,5f7f7b8a-1920-4542-ac96-9fe62fbba074,0.00017713435,0.3,approve,low,[],,2026-07-07 22:18:11.839954,fraud_model_v1
cf5e9f89-27b0-4450-9f89-f255697da937,69b17f44-16b3-44f7-acaf-7439ca67a34e,0.000105030405,0.3,approve,low,[],,2026-07-07 22:18:11.839954,fraud_model_v1
f3eea023-29e1-4c9f-9871-6ba26c8ef06c,729b36d5-b4ff-4335-80e8-708a25a8d6a0,3.2029445e-06,0.3,approve,low,[],,2026-07-07 22:18:11.839954,fraud_model_v1
6c31672b-3a3e-4062-a431-a33a7bb3d3bd,cf07ecb8-a597-4177-9cf7-3b3e16119d63,0.025220858,0.3,approve,low,[],,2026-07-07 22:18:11.839954,fraud_model_v1
f7eaf78e-5d83-4050-a149-7ac7d033c09b,80f8c29c-c911-4c71-b54c-b5044c592f3e,2.7540798e-06,0.3,block,low,['high_risk_country_rule'],,2026-07-07 22:18:11.839954,fraud_model_v1
046d67f4-34cc-4d66-a60c-1ded867d053e,3bc96b25-3c65-4be9-abbf-34015e16c8e2,1.186294e-06,0.3,approve,low,[],,2026-07-07 22:18:11.839954,fraud_model_v1
98038512-d3cd-4793-ae0d-632394412531,2e911b40-ad47-496a-981b-7a9c238bfcc1,0.0005673003,0.3,block,low,['velocity_rule'],,2026-07-07 22:18:11.839954,fraud_model_v1
56a26e18-da56-48fd-b467-cf0da7217a3a,9216be2b-20fd-4a35-9aeb-a0d7a538d199,5.4826643e-08,0.25,approve,medium,[],,2026-07-07 22:18:11.839954,fraud_model_v1
016b6e71-f3b0-4583-b3e1-94cdfd734cf9,f2c3f7fc-61d1-48aa-9162-5a9f91da1cf9,1.0822409e-05,0.3,approve,low,[],,2026-07-07 22:18:11.839954,fraud_model_v1
81640a87-a78d-48ca-8f7a-55c7ca41c255,c06c804f-d5ef-4a17-abf8-341c49428859,1.6607875e-06,0.3,approve,low,[],,2026-07-07 22:18:11.839954,fraud_model_v1
a470bb11-be69-46f0-b7c7-52e04053ab85,a8b95ade-aa7a-4152-8a9a-85649bfe30d1,1.0841961e-06,0.3,approve,low,[],,2026-07-07 22:18:11.839954,fraud_model_v1
d682d34a-dd45-405a-8879-bd7473614a90,b1442bce-f193-4da5-8794-c4fbe325e579,0.013439181,0.25,approve,medium,[],,2026-07-07 22:18:11.839954,fraud_model_v1
27261b49-d918-4ab0-b337-10111a58d3d7,7e894d0f-fa78-4803-b119-f66faccdc626,0.06232924,0.25,block,medium,['high_risk_country_rule'],,2026-07-07 22:18:11.839954,fraud_model_v1
5cf4bea6-22bf-437c-b30e-5d2d85d2f49c,8d98add7-b8e8-4c1e-a022-62df78fa86ff,0.057429906,0.3,approve,low,[],,2026-07-07 22:18:11.839954,fraud_model_v1
cb3f13cc-ea5a-4b19-8653-5ad71cd6b16c,c0a66099-ca70-43e3-8149-eb39f753216c,0.4157659,0.3,block,low,['biometric_evasion_rule'],,2026-07-07 22:18:11.839954,fraud_model_v1
83f0d446-e217-4d38-944d-1611accfe213,96a71302-2635-4dbb-ba19-fd365db64983,8.8891034e-07,0.3,approve,low,[],,2026-07-07 22:18:11.839954,fraud_model_v1
6a192dba-3041-4025-9192-2200c8b9e6f4,a6386c67-7337-450e-bb08-cb7a8f77e3a4,9.291538e-06,0.3,approve,low,[],,2026-07-07 22:18:11.839954,fraud_model_v1
6577b394-fa50-4765-a479-d76af81d6a62,8cfc18bf-5ba1-4627-8140-c27cc65295bc,2.6253709e-05,0.3,approve,low,[],,2026-07-07 22:18:11.839954,fraud_model_v1
838077ed-6707-4f01-ad24-333c7fb9c80b,353907d9-f306-4200-b902-55a01ffcbd01,1.0018431e-05,0.3,approve,low,[],,2026-07-07 22:18:11.839954,fraud_model_v1
060486ef-b81b-45af-a722-e59d478c748e,ba7b3383-d8e0-4258-ad1e-974aaa48464e,0.0013846891,0.3,approve,low,[],,2026-07-07 22:18:11.839954,fraud_model_v1
38e49874-58f4-4eb8-8200-2e382425e34b,b6c58071-2ca6-4214-9e03-367230478e5f,2.633122e-07,0.25,approve,medium,[],,2026-07-07 22:18:11.839954,fraud_model_v1
4f270469-a452-4c8e-acb3-16dd79bfb61d,dea31b03-3277-4122-bb6e-4f8731aec1e3,1.12368125e-05,0.3,approve,low,[],,2026-07-07 22:18:11.839954,fraud_model_v1
d15a321c-8c1c-4c6e-9279-8724954642c5,c00ab503-1afb-4557-8eae-6b8f153519f7,4.1696665e-05,0.3,block,low,['high_risk_country_rule'],,2026-07-07 22:18:11.839954,fraud_model_v1
8de219a8-4bcf-426f-ba28-64a0383be25d,6f4e9e96-94ad-475f-8534-3563b4c8ad8e,1.1817987e-06,0.3,approve,low,[],,2026-07-07 22:18:11.839954,fraud_model_v1
4f423571-e90a-4edf-bdf9-6e17426dbe01,f4230722-4866-4040-874b-11ef611d344e,2.1231222e-07,0.25,approve,medium,[],,2026-07-07 22:18:11.839954,fraud_model_v1
4d6fe251-702f-462a-bef0-4e8f6fe49b80,77710371-f5bc-4185-91e8-8ceec2e31a09,0.2125072,0.3,approve,low,[],,2026-07-07 22:18:11.839954,fraud_model_v1
cfbde4c1-e1b9-4675-8add-e6b9e811c140,cf07ecb8-a597-4177-9cf7-3b3e16119d63,1.8079483e-07,0.3,approve,low,[],,2026-07-07 22:18:11.839954,fraud_model_v1
3ed49b4d-67bd-4627-a88c-31d3d4ba9dd1,21349090-5f11-4a94-848e-946d7ccbb6d6,4.6108044e-06,0.3,approve,low,[],,2026-07-07 22:18:11.839954,fraud_model_v1
3addda3e-0e12-4e95-81b2-4e7f75a8e45b,c35bbfdb-bf0e-4bcc-b444-969b4a7fcd79,0.00020840166,0.3,approve,low,[],,2026-07-07 22:18:11.839954,fraud_model_v1
fec0cca2-d164-4059-8282-fa4c84f6272d,b059c0a9-1113-4d30-bf3f-aee3ebd0481c,0.0061394596,0.3,approve,low,[],,2026-07-07 22:18:11.839954,fraud_model_v1
b247b5ff-fabf-4559-a572-9b27c258ddc5,b8c1b9da-2ebd-4f50-8392-d79e0a26c089,2.4273884e-05,0.25,approve,medium,[],,2026-07-07 22:18:11.839954,fraud_model_v1
0e715200-89d9-4042-825d-ee0dbe733b18,4461ea4c-f259-4df2-9dee-b4c807fd5217,2.6438249e-05,0.3,approve,low,[],,2026-07-07 22:18:11.839954,fraud_model_v1
679e617f-4ca9-4b2b-85f5-73a7d090e658,2f6306ff-5bdb-4fb4-af3f-5d5f331fcc73,0.029087601,0.3,block,low,['velocity_rule'],,2026-07-07 22:18:11.839954,fraud_model_v1
071aebb0-aa41-43d4-a0bc-4818b152f806,f2ff9df0-4d22-4a01-a84d-9a27df23fe96,2.1733887e-05,0.25,approve,medium,[],,2026-07-07 22:18:11.839954,fraud_model_v1
ff1a75f6-1a11-477d-b4b0-ab5db835f478,6dae131d-ed8e-403e-a824-2c04bf13aac7,0.00018660758,0.3,approve,low,[],,2026-07-07 22:18:11.839954,fraud_model_v1
7092d007-2769-427a-bbac-91205ba0f8e1,15ee652b-5416-45b9-9c20-238c5ba54852,1.5651236e-06,0.25,approve,medium,[],,2026-07-07 22:18:11.839954,fraud_model_v1
62e424ba-7089-4648-8ae3-be480459313d,56c8d5ab-0ffa-4460-9cc2-e0e85b138634,1.2595939e-05,0.15,approve,high,[],,2026-07-07 22:18:11.839954,fraud_model_v1
54470e4e-3162-427a-8a9d-b8319114c9bd,6c857f0f-7e0d-477c-9135-0a521800bc9e,1.1032597e-06,0.3,approve,low,[],,2026-07-07 22:18:11.839954,fraud_model_v1
123d9eba-d6d6-4038-b4b1-6dfbfae64732,72f7e243-51f5-48a1-adcd-05513e92e041,1.6712229e-06,0.3,approve,low,[],,2026-07-07 22:18:11.839954,fraud_model_v1
21e67450-bc3d-4045-b9bd-94855f04028e,d21699a8-472b-42a0-bbff-b2c88f0195b6,3.330124e-07,0.3,approve,low,[],,2026-07-07 22:18:11.839954,fraud_model_v1
7aab662e-eb95-4130-808f-f5ed6675f169,bb40e8ed-696f-467f-bad5-6aab1dc40d5c,2.6319361e-05,0.3,block,low,"['velocity_rule', 'new_beneficiary_rule']",,2026-07-07 22:18:11.839954,fraud_model_v1
558d75e7-5a70-4a5f-9336-2c7421c9a149,22dd5a98-9466-40c5-9c85-e6687b15c862,2.3608015e-07,0.3,approve,low,[],,2026-07-07 22:18:11.839954,fraud_model_v1
99ac1fd4-7b8c-4d1a-b3cb-acc05c859bf2,f466bd2b-caa7-4873-bfef-b03addb9cc4d,6.049256e-05,0.3,block,low,['high_risk_country_rule'],,2026-07-07 22:18:11.839954,fraud_model_v1
ecd2bbff-07c2-48d3-8194-4be3afc27816,06ea59b4-a6f4-4700-ba9a-78d646b0f5bf,9.610463e-06,0.3,block,low,['velocity_rule'],,2026-07-07 22:18:11.839954,fraud_model_v1
99d13551-56ec-4081-825c-dcbce5f2fd60,3f2d9468-f54e-4fb4-b467-05b75d7ee430,0.00032029094,0.3,approve,low,[],,2026-07-07 22:18:11.839954,fraud_model_v1
603fde8d-0b21-48ec-83b3-50e23f315f0f,8e5ae426-88a2-4fca-acaf-a11d2f3f7f3c,7.444607e-08,0.3,approve,low,[],,2026-07-07 22:18:11.839954,fraud_model_v1
245a370d-852d-4e77-8013-16606efdc933,58b0ff43-5e76-4960-b49d-63c8a40cc14b,0.00041261478,0.3,approve,low,[],,2026-07-07 22:18:11.839954,fraud_model_v1
472b3dd1-b28f-49f9-8f2f-6f63ece0834c,f7f3d1e9-665e-4e2f-882a-0a44727ed081,1.4217747e-07,0.3,approve,low,[],,2026-07-07 22:18:11.839954,fraud_model_v1
6489d21f-c655-4141-b65f-0a6fd922d766,40736f7f-07a4-47c1-81b6-09d380f61420,4.4845356e-07,0.3,block,low,['biometric_evasion_rule'],,2026-07-07 22:18:11.839954,fraud_model_v1
d0adbf0f-9ad1-4155-97c9-26a1e7cc24d1,dba0c0ec-7862-4683-9756-dfcac54be0f4,0.00013672114,0.25,approve,medium,[],,2026-07-07 22:18:11.839954,fraud_model_v1
1d509992-111b-45a9-b073-f95da010a5bf,0f528931-9718-45d2-81e8-be50e17d8972,1.6339872e-07,0.3,approve,low,[],,2026-07-07 22:18:11.839954,fraud_model_v1
1025deb4-1682-48b8-bc89-45e6a96a5163,cc1413ab-0e90-466a-8b3d-f11d388ed48b,0.022984346,0.3,approve,low,[],,2026-07-07 22:18:11.839954,fraud_model_v1
43d75055-01b8-4b03-b75e-373bc1ce6744,1fed8158-f5b9-4245-ba03-419d3a346a91,0.0001809463,0.3,approve,low,[],,2026-07-07 22:18:11.839954,fraud_model_v1
3f1f700d-9ef6-4c57-a1ae-db8e32aeeef8,92999362-f0d1-466b-8572-55339cc83035,8.582691e-08,0.3,block,low,"['velocity_rule', 'high_risk_country_rule']",,2026-07-07 22:18:11.839954,fraud_model_v1
89731ba1-48de-40c5-b256-a5fd110ef669,5db9f83c-f91b-4064-bc4f-0da3f8e1fb17,0.04654299,0.3,approve,low,[],,2026-07-07 22:18:11.839954,fraud_model_v1
7873786c-cef7-45e6-af68-68765a328790,72d53c3d-ec13-456a-9b13-b57d45784b53,4.984596e-06,0.3,approve,low,[],,2026-07-07 22:18:11.839954,fraud_model_v1
a24d18c9-c148-4cd4-86e0-834a9f14b6e8,b1442bce-f193-4da5-8794-c4fbe325e579,7.815582e-07,0.25,block,medium,['high_risk_country_rule'],,2026-07-07 22:18:11.839954,fraud_model_v1
370a39df-c236-4813-8243-c833931f912a,f77653f7-4295-470d-8289-3b4ad5ea3321,2.8895772e-06,0.3,approve,low,[],,2026-07-07 22:18:11.839954,fraud_model_v1
68cf8e79-e12a-463b-befa-7844a20546fc,5327fa0e-8de0-4ff7-a0a6-32acf515c87b,1.321828e-07,0.3,approve,low,[],,2026-07-07 22:18:11.839954,fraud_model_v1
4ffc34e1-882d-44f3-bc34-6ed04fcd26b3,4be001b7-b52c-4ea2-9d86-2839a71290a7,4.262417e-05,0.3,approve,low,[],,2026-07-07 22:18:11.839954,fraud_model_v1
98f941af-fb72-4f83-8e45-72471889f47d,d03807c8-3240-43d6-b22f-a5fb4d758d1e,2.9834125e-06,0.3,block,low,"['velocity_rule', 'new_beneficiary_rule']",,2026-07-07 22:18:11.839954,fraud_model_v1
378fe8c1-20dc-4a01-a569-1a3e277348bd,89e56832-f86d-4a90-860d-4c54a13767d9,9.304537e-06,0.3,approve,low,[],,2026-07-07 22:18:11.839954,fraud_model_v1
0ce7320c-6354-43a4-ac0a-06b3ed5bb7fc,8f3a803a-e1f1-4a80-8044-6d742a739f74,0.0011469966,0.3,approve,low,[],,2026-07-07 22:18:11.839954,fraud_model_v1
5faa03b1-ed7b-4bfe-9945-2400909105b1,4402d9c6-d150-4c5e-af40-32d19a5360e0,2.974634e-06,0.3,approve,low,[],,2026-07-07 22:18:11.839954,fraud_model_v1
a38c8b79-4953-4e97-bac7-cfdb562b834f,947f89bb-8218-4055-bcbc-1ffe54167835,1.0479677e-06,0.25,block,medium,['velocity_rule'],,2026-07-07 22:18:11.839954,fraud_model_v1
24e0a364-fa80-42e3-83a2-0c0154aaf5b9,381e8423-a547-46ac-985a-d0bc108023ca,1.9533836e-08,0.3,approve,low,[],,2026-07-07 22:18:11.839954,fraud_model_v1
7446b61a-688d-4c30-97f2-414b84d4794e,88567da4-72ee-467d-8303-b05f7d23df13,6.8865505e-05,0.3,approve,low,[],,2026-07-07 22:18:11.839954,fraud_model_v1
9295b30c-f998-490c-ada1-eee8e985ff59,7dcd3779-a854-4850-b77f-07a042b3f5d4,0.0018882953,0.25,approve,medium,[],,2026-07-07 22:18:11.839954,fraud_model_v1
4c19cfde-9e4e-445b-a289-fa765c999c5e,f9849042-2540-4400-bc3b-97641d48962c,2.0124372e-07,0.3,approve,low,[],,2026-07-07 22:18:11.839954,fraud_model_v1
2ef94c75-5bb1-4b47-b002-835241c873ef,9ea547da-5007-4f11-be81-4cb117b81156,0.00020949982,0.3,block,low,['velocity_rule'],,2026-07-07 22:18:11.839954,fraud_model_v1
f18466e1-aa35-4469-a114-171be58d8035,a9749800-3c34-44fa-9233-5aefefd60760,1.0747704e-06,0.15,block,high,['velocity_rule'],,2026-07-07 22:18:11.839954,fraud_model_v1
ba5ec933-88eb-4cf7-b985-bffc115ba579,6251eb78-8f8c-4337-9c7a-6d3a1be1c7a1,1.0954238e-06,0.3,approve,low,[],,2026-07-07 22:18:11.839954,fraud_model_v1
65095ecf-74f3-481a-bcee-5526d91e3e34,bf46e553-b9e3-4500-af1d-4bb9562c4a46,8.1538456e-05,0.3,approve,low,[],,2026-07-07 22:18:11.839954,fraud_model_v1
6878fde7-44da-4739-b141-22f23482d5dd,6014d34b-5592-41ba-add1-5be4192f70b7,1.3657452e-06,0.15,approve,high,[],,2026-07-07 22:18:11.839954,fraud_model_v1
268e4209-f24d-44b8-acf2-5c5a46e2c185,ea740b8c-77bf-4cb9-92f4-85323631368a,5.8963165e-06,0.3,approve,low,[],,2026-07-07 22:18:11.839954,fraud_model_v1
22b5d6c3-f768-4d5c-95e2-9161c904f02a,1c85d774-37a7-45e0-b448-8bf905c9e3b2,1.4328822e-07,0.25,approve,medium,[],,2026-07-07 22:18:11.839954,fraud_model_v1
6a4e9950-9f26-4661-9f7a-b9cc29397e62,6e461ef0-6fae-4e17-ae05-9c7a68971ce4,1.4902132e-07,0.3,approve,low,[],,2026-07-07 22:18:11.839954,fraud_model_v1
78d30dfc-08cb-4b9d-a340-2ae673124323,5db9f83c-f91b-4064-bc4f-0da3f8e1fb17,1.1986533e-06,0.3,approve,low,[],,2026-07-07 22:18:11.839954,fraud_model_v1
9f035c01-915e-4d23-8547-be58f8662846,d6de0806-4f7f-4e55-9de4-499c22300ff5,0.0036426312,0.3,approve,low,[],,2026-07-07 22:18:11.839954,fraud_model_v1
996ed1b0-b4ee-43b3-9306-35d119c931c5,e95ba75d-eafb-45b7-a755-d48839fce900,2.6406033e-06,0.3,block,low,['velocity_rule'],,2026-07-07 22:18:11.839954,fraud_model_v1
5f37b8fb-d798-40d4-a593-61dc88465b5a,f945228d-6f96-496b-98d6-90e55f91ccec,0.99569726,0.25,review,medium,[],"{'transaction_balance_ratio': 6.339741925932467, 'distance_from_home_km': 3.477790458891541, 'user_7day_transaction_count': 3.461809028007556}",2026-07-07 22:18:11.839954,fraud_model_v1
0c34360a-0c4c-437c-8bd1-297d09a6a1a7,ea85edad-133d-43e0-89d7-fda29cd68b3e,1.6747485e-05,0.3,block,low,['velocity_rule'],,2026-07-07 22:18:11.839954,fraud_model_v1
5699ebc3-ce80-413e-b099-79f95a9a27a1,e787d41a-c148-4a96-8c54-522b20aad4cf,1.1352614e-05,0.3,approve,low,[],,2026-07-07 22:18:11.839954,fraud_model_v1
58799f1f-1bdf-4701-b84c-4a8e9ef65b55,3713db74-3071-4c83-aef7-b5750768036a,6.3594804e-08,0.25,approve,medium,[],,2026-07-07 22:18:11.839954,fraud_model_v1
96f0a07f-c4e1-42aa-9410-5d51e3b8d0bc,5d46abcd-059d-4aae-8c12-190193f592bd,3.13686e-05,0.15,block,high,['velocity_rule'],,2026-07-07 22:18:11.839954,fraud_model_v1
db61fba9-18d0-48b7-a88c-7fc83a7f6905,7de7f330-1802-4263-ac62-f8095a818f64,2.5057608e-07,0.25,approve,medium,[],,2026-07-07 22:18:11.839954,fraud_model_v1
dd816a94-9cae-4b19-972d-2ea05b4831ec,49b20127-3a20-4332-9eb8-ad35acad0f43,0.00066473836,0.3,approve,low,[],,2026-07-07 22:18:11.839954,fraud_model_v1
1c9831b0-969f-45b2-8345-b2d2c79e4a36,e647c0a7-7fed-47d5-a6b9-8846cb3d1ba8,2.5242336e-05,0.15,approve,high,[],,2026-07-07 22:18:11.839954,fraud_model_v1
fe81e663-b2a1-424e-b3d3-8e6998e573d6,bc971d5d-fbd5-416f-af74-8f05cba346c0,3.382369e-07,0.3,approve,low,[],,2026-07-07 22:18:11.839954,fraud_model_v1
a2bc970e-d96f-4678-b27b-4d9c682a942a,2e911b40-ad47-496a-981b-7a9c238bfcc1,5.352253e-07,0.3,block,low,['new_beneficiary_rule'],,2026-07-07 22:18:11.839954,fraud_model_v1
8b96999a-09e5-449c-9a42-5c2edc12bac2,3e2ce4af-3f76-4f38-abd9-235a5fcd5971,0.047237758,0.3,approve,low,[],,2026-07-07 22:18:11.839954,fraud_model_v1
abbabe1b-3877-4461-ba78-a62e4d89b333,dba532b3-505c-44bd-9eee-b7e5ab190f0d,0.0036852486,0.15,approve,high,[],,2026-07-07 22:18:11.839954,fraud_model_v1
93a3ebe7-6474-4625-9012-4926f2d952c0,4f218f01-0602-420a-9b36-aa51b3e1a69f,4.238672e-05,0.25,approve,medium,[],,2026-07-07 22:18:11.839954,fraud_model_v1
0201a5b6-e307-4c1f-aa20-1904856544b2,66e5355c-a99d-40d2-b634-185e270edcf5,0.005123119,0.25,approve,medium,[],,2026-07-07 22:18:11.839954,fraud_model_v1
c5736053-126c-4e24-bf27-9c1310222dc1,d0c83d99-34cd-487f-b0dd-bbd2b32e2975,0.001427922,0.3,approve,low,[],,2026-07-07 22:18:11.839954,fraud_model_v1
9d271a48-f147-41ea-991c-86db18c47d41,e622c5e1-d5e7-4956-97b5-b509332f8598,1.8913275e-05,0.15,approve,high,[],,2026-07-07 22:18:11.839954,fraud_model_v1
325c3c13-091f-4bba-88eb-6850eb99ab62,831ba2d5-5613-42e4-8204-a469e17f4b35,0.0002967655,0.25,approve,medium,[],,2026-07-07 22:18:11.839954,fraud_model_v1
68a9196f-f8f3-49a5-b0a6-341f9969ccc2,bffdd5cc-6a12-4aed-a251-eaa7e8c207e3,4.0720197e-06,0.3,block,low,['new_beneficiary_rule'],,2026-07-07 22:18:11.839954,fraud_model_v1
fe4f023f-8127-4cd8-9f95-78593d532d1a,e06e7ba3-9746-407d-aea9-78162cc8793f,0.9977604,0.25,review,medium,[],"{'distance_from_home_km': 5.807696143470239, 'user_7day_transaction_count': 4.857673721053288, 'amount': 4.468222798677162}",2026-07-07 22:18:11.839954,fraud_model_v1
8a38bbae-e7ca-4cb7-bc1a-3b1bd1ff7695,ae893b3f-012a-4ad6-8c4f-c0c3de5d1565,0.00046238865,0.3,approve,low,[],,2026-07-07 22:18:11.839954,fraud_model_v1
08b108b5-f22f-484c-ba6c-c6f2c8bccc6f,d7887975-c548-4e95-a226-d2019c5adea7,0.020672916,0.3,approve,low,[],,2026-07-07 22:18:11.839954,fraud_model_v1
b8ee2972-22ac-416c-8026-bc5e5022d788,69c559ac-aceb-4041-8c61-79cb5414ea3f,1.67756e-05,0.3,approve,low,[],,2026-07-07 22:18:11.839954,fraud_model_v1
fa3cabc0-bbf1-4a0c-9478-7d3c6ec4a60b,98d47031-127f-4533-9732-33636e0db949,2.4604753e-06,0.3,block,low,['new_beneficiary_rule'],,2026-07-07 22:18:11.839954,fraud_model_v1
fe5644fd-8226-480e-8316-853e4031d022,ab00593a-8675-407f-b170-ba3f68bb6537,7.7689504e-07,0.3,approve,low,[],,2026-07-07 22:18:11.839954,fraud_model_v1
35a03134-02e9-463a-8bf0-3b82503ae589,69b17f44-16b3-44f7-acaf-7439ca67a34e,1.2281329e-07,0.3,approve,low,[],,2026-07-07 22:18:11.839954,fraud_model_v1
0bb194d0-5174-471a-9a46-5f50eebb4ff3,b3ff71a3-df92-43d4-b903-466e2b5acf4b,1.3938779e-06,0.3,approve,low,[],,2026-07-07 22:18:11.839954,fraud_model_v1
244c71ef-fdcf-492e-95a7-27a1e8bc4436,d093dccb-82c7-43fb-9310-474c64b60e32,0.00025339666,0.3,approve,low,[],,2026-07-07 22:18:11.839954,fraud_model_v1
780b582c-f4bd-41ee-9fbe-441ba296de6b,808ba1f1-09d8-47ff-a280-65a8137ff6e3,0.0003285636,0.3,approve,low,[],,2026-07-07 22:18:11.839954,fraud_model_v1
16533c73-b176-45fe-bb87-cef827232cae,d6fec922-65c5-4768-a402-de8473c897b6,0.0059137256,0.25,block,medium,['new_beneficiary_rule'],,2026-07-07 22:18:11.839954,fraud_model_v1
178a46fe-a415-4f65-9af5-4d2ed68abbb8,a2f1e737-7c79-4cfe-9c43-6cf72ae40369,0.07676893,0.3,approve,low,[],,2026-07-07 22:18:11.839954,fraud_model_v1
f0f59807-9c36-4de1-a7f0-7e9349840353,6f689351-1460-4321-a9b7-172238bc43fd,0.00025991866,0.3,approve,low,[],,2026-07-07 22:18:11.839954,fraud_model_v1
55aaf606-8dcc-4665-8e1c-4b1031c1a441,5ebef616-f1c7-4b86-b9d5-53c0583dba7b,3.4531163e-06,0.3,approve,low,[],,2026-07-07 22:18:11.839954,fraud_model_v1
b81d5117-d138-4094-9c7d-d8b2fdf052e8,805d1326-81f3-41bd-a79f-06ecada7ed0e,6.914944e-07,0.25,block,medium,['velocity_rule'],,2026-07-07 22:18:11.839954,fraud_model_v1
fa59c78e-4295-4017-a710-f60383d90b71,6df06ec7-da04-480e-81ab-957c3bd21e78,1.8697143e-05,0.3,approve,low,[],,2026-07-07 22:18:11.839954,fraud_model_v1
d1633b0f-61a5-4084-b1b7-f88a55a0d9c7,00bc13c7-c8c5-499b-b6aa-d1b153334f04,0.002580293,0.25,approve,medium,[],,2026-07-07 22:18:11.839954,fraud_model_v1
b068d618-28f9-40b9-8384-7a89a82bb35b,3f33ea77-c2f6-4c19-bd23-0116d9ef16fa,2.6691652e-07,0.3,approve,low,[],,2026-07-07 22:18:11.839954,fraud_model_v1
36b81fe7-2410-4158-8c99-5e1458143773,81a7078d-b890-4148-9a31-26775aa4d128,9.625237e-05,0.3,block,low,['new_beneficiary_rule'],,2026-07-07 22:18:11.839954,fraud_model_v1
a9df7396-7f06-457d-81a1-0d9a0f297237,700d44e5-8006-4329-91eb-def7943cd5e0,7.84353e-07,0.3,approve,low,[],,2026-07-07 22:18:11.839954,fraud_model_v1
94d77cfd-83a5-45d1-a510-4310d24891a8,4e57a871-1dca-46ab-9f81-d75b187a2a27,2.3718752e-07,0.3,approve,low,[],,2026-07-07 22:18:11.839954,fraud_model_v1
c243f808-9eef-4d02-b917-a70c08470056,0975cc6d-94d8-478d-87d9-2d2f540eb381,0.00014803595,0.3,approve,low,[],,2026-07-07 22:18:11.839954,fraud_model_v1
5e1413ed-20f7-4687-871f-e11b0b7af333,0ecad17a-953d-4679-94d7-349e3f2722ec,0.00024470038,0.3,approve,low,[],,2026-07-07 22:18:11.839954,fraud_model_v1
e2a418a1-7779-44d9-b139-eefa7b385cb0,014977e4-671b-4d81-b8cf-d2109cff88fa,0.015201415,0.3,block,low,['high_risk_country_rule'],,2026-07-07 22:18:11.839954,fraud_model_v1
8c6d3964-60a3-43db-af7e-dd5b96ce202c,df095ce8-bd13-466e-83ba-49a668a21c48,0.003189815,0.3,approve,low,[],,2026-07-07 22:18:11.839954,fraud_model_v1
bb516523-8fca-42a3-9788-063d78b73bac,daa4a6c0-c0e8-4ff1-bc3d-51f4a27371f5,0.00022125029,0.3,approve,low,[],,2026-07-07 22:18:11.839954,fraud_model_v1
a8f74e9a-f9bd-4938-8ccf-ac4cb4697aba,c677ba41-8263-4e9a-888f-e00468a5e809,0.000106488355,0.3,block,low,['high_risk_country_rule'],,2026-07-07 22:18:11.839954,fraud_model_v1
34e32b5d-6f4f-4b67-944e-d8f454c32a16,b544d733-2deb-414c-89aa-d22de763e9e3,5.6165906e-08,0.3,approve,low,[],,2026-07-07 22:18:11.839954,fraud_model_v1
90c21f6a-fde3-4669-9413-5a76cbb402f9,72378869-7241-44c6-a278-194c8347abb8,1.9671658e-07,0.25,block,medium,['velocity_rule'],,2026-07-07 22:18:11.839954,fraud_model_v1
5b30c057-f8a1-428b-8cf9-1ade7451fff8,a331cf9d-9b5c-477a-b342-20b641f6ca04,2.0901936e-08,0.3,approve,low,[],,2026-07-07 22:18:11.839954,fraud_model_v1
e0dda25b-88ea-4f81-b39c-8cdae5869b06,7d88fc5a-9eb2-4142-8995-48be8187154d,9.2969117e-07,0.3,approve,low,[],,2026-07-07 22:18:11.839954,fraud_model_v1
4de3e51d-2add-4e50-a528-84927fd32c8d,6b1a5993-1aa2-4014-b87c-515331b30b7e,3.661687e-06,0.3,block,low,['new_beneficiary_rule'],,2026-07-07 22:18:11.839954,fraud_model_v1
94d67884-7f9f-4dd4-aa04-ca8be6b2fa13,db3389f1-b3a5-42a8-84ab-83958def6433,0.00036485918,0.3,approve,low,[],,2026-07-07 22:18:11.839954,fraud_model_v1
71b1b347-695c-4b15-a4fb-9619effa0b0b,f9014b0f-5f75-43b8-a8b7-6e0c8e3b05ff,0.0017408229,0.15,approve,high,[],,2026-07-07 22:18:11.839954,fraud_model_v1
c2750682-3d1d-44dc-b34a-44e8b7a237d6,c4a25fe9-a374-4eac-a21e-b073b9fd4daa,0.00015225078,0.25,approve,medium,[],,2026-07-07 22:18:11.839954,fraud_model_v1
53bd3bcb-d2c9-4fa8-9f14-6e15d2ab896d,e8903a24-5bbd-472e-9b1b-97d5e04bc001,7.3162446e-06,0.3,approve,low,[],,2026-07-07 22:18:11.839954,fraud_model_v1
da6f3754-5975-4e6f-a222-58e054963739,21349090-5f11-4a94-848e-946d7ccbb6d6,2.3479488e-05,0.3,approve,low,[],,2026-07-07 22:18:11.839954,fraud_model_v1
b16625b0-ace5-433b-a84f-fd03c36f920e,87a19e2b-1597-450a-b93d-3fd66780bc5f,4.379113e-05,0.3,approve,low,[],,2026-07-07 22:18:11.839954,fraud_model_v1
5371c57d-f83d-4648-bd1e-09a17f5bc0bb,51b3ff23-7d89-40a4-adc3-88bfa4d20617,4.477793e-06,0.3,approve,low,[],,2026-07-07 22:18:11.839954,fraud_model_v1
9e391953-3ed8-4547-b72f-7861dce1af9e,c1faef65-75d1-4f42-8626-41bf15ac2a9b,1.473249e-05,0.25,approve,medium,[],,2026-07-07 22:18:11.839954,fraud_model_v1
ef008588-b6e7-4631-8b58-c184c07ebc31,c3788619-6f2a-471c-b300-df1bda79a95c,1.4773296e-06,0.3,approve,low,[],,2026-07-07 22:18:11.839954,fraud_model_v1
347e7fce-49f3-4bf5-a9d4-8af7d6208267,24ca7279-0913-424e-9662-776a1000a359,0.011727567,0.3,approve,low,[],,2026-07-07 22:18:11.839954,fraud_model_v1
6962f2f3-76db-493e-8823-65c370b4bc5d,6d57482f-cb5c-4178-bfe3-a9a15e666970,0.0009336433,0.3,approve,low,[],,2026-07-07 22:18:11.839954,fraud_model_v1
4dd59230-5c5a-46e8-aa70-e15d96fd1d4d,2a34d4b8-2efc-4d3b-a594-1c9cd6b95037,0.9974316,0.25,review,medium,[],"{'time_since_last_login_minutes': 5.131575400556903, 'beneficiary_account_age_days': 4.4610144992603455, 'amount': 3.4656782006274445}",2026-07-07 22:18:11.839954,fraud_model_v1
951044c9-0baf-4d3c-b4d1-5c13b9ec19a2,49538c0a-44dd-48ba-9220-5f577906583f,2.0474587e-05,0.3,approve,low,[],,2026-07-07 22:18:11.839954,fraud_model_v1
04b5aceb-58ca-4357-986f-3bfdffabd41a,ddf07b08-1ed4-415c-92c8-46fe031f5ba1,3.110313e-08,0.25,approve,medium,[],,2026-07-07 22:18:11.839954,fraud_model_v1
208eff5a-9256-40d2-8524-d1950089a1e9,1b16ad52-bdce-4622-bc5b-22bd59c7e22e,1.7444601e-05,0.3,approve,low,[],,2026-07-07 22:18:11.839954,fraud_model_v1
076a3698-d660-416b-9378-13a334bff382,72378869-7241-44c6-a278-194c8347abb8,0.00049486756,0.25,approve,medium,[],,2026-07-07 22:18:11.839954,fraud_model_v1
b14a3afc-b1a7-4393-8d8a-038818af8bda,72378869-7241-44c6-a278-194c8347abb8,0.00067633577,0.25,approve,medium,[],,2026-07-07 22:18:11.839954,fraud_model_v1
310b112e-b8b8-4637-9f1d-11b2f2b5f8d4,c1d0ae43-afb6-4403-8040-2f984a102df5,0.12129363,0.25,approve,medium,[],,2026-07-07 22:18:11.839954,fraud_model_v1
0a16fd0a-21cc-46ec-a7f8-a532e10c8d44,087c1633-e1c8-453d-a7a2-35b21c9556ee,5.8923476e-08,0.3,approve,low,[],,2026-07-07 22:18:11.839954,fraud_model_v1
642f4dfb-87bc-4502-af56-c21d089edf1a,20730154-06e9-4597-844e-f8d9e7c580ed,1.3943004e-07,0.3,approve,low,[],,2026-07-07 22:18:11.839954,fraud_model_v1
b61bfe42-a656-42e2-ac8c-7e39d5168e7e,6014d34b-5592-41ba-add1-5be4192f70b7,2.0209382e-07,0.15,block,high,['new_beneficiary_rule'],,2026-07-07 22:18:11.839954,fraud_model_v1
64c8872b-58e9-4e94-bd48-98b36eb45b5b,07bf1b98-8221-4917-9a4a-42f174792cb9,1.18367925e-05,0.3,approve,low,[],,2026-07-07 22:18:11.839954,fraud_model_v1
bdb82918-817b-464c-8c66-b6b3a1b3ac8c,b8b0b915-f06b-4e97-b8c5-e571d7402111,0.0011944132,0.3,block,low,['high_risk_country_rule'],,2026-07-07 22:18:11.839954,fraud_model_v1
abe1ca29-4844-4a3b-8e01-fca7bf942eae,d50730dc-6fb4-4ad9-8782-9e9b61d4df90,0.0035555605,0.25,approve,medium,[],,2026-07-07 22:18:11.839954,fraud_model_v1
86b9dbf9-818c-42da-8c5c-afa1678e44dd,8e5ae426-88a2-4fca-acaf-a11d2f3f7f3c,5.4560314e-08,0.3,approve,low,[],,2026-07-07 22:18:11.839954,fraud_model_v1
efcbb8f6-7100-4b47-9068-73cf7633059a,cfeafdc7-f660-4176-8155-3b0ed431e15b,2.9470138e-07,0.15,approve,high,[],,2026-07-07 22:18:11.839954,fraud_model_v1
8a6da378-4f86-45c2-b153-602ca597c622,832a4f4e-65bc-4582-b29a-47d97ec9f2ed,7.51216e-08,0.3,approve,low,[],,2026-07-07 22:18:11.839954,fraud_model_v1
2d604049-6ec1-426c-b95d-11c972830e19,087c1633-e1c8-453d-a7a2-35b21c9556ee,0.0056065633,0.3,approve,low,[],,2026-07-07 22:18:11.839954,fraud_model_v1
009df8d9-2ae6-4bee-a117-ad5cc94105ff,d89859c2-834a-4608-bd26-b43cd3855801,0.934384,0.3,review,low,[],"{'time_since_last_login_minutes': 5.413277362689842, 'user_7day_transaction_count': 3.7344099884608295, 'beneficiary_account_age_days': 3.5391407688404435}",2026-07-07 22:18:11.839954,fraud_model_v1
76558c9f-2fb1-4520-9217-cd92107f2444,0eaceea0-5a09-4df0-8a63-713a67b33a56,1.8838934e-08,0.3,approve,low,[],,2026-07-07 22:18:11.839954,fraud_model_v1
05f160b1-d0c7-4e7f-8e7b-64b19dbe155c,8da32a1f-8c27-4eda-86e2-1a1773ad590f,0.00022999039,0.3,block,low,['new_beneficiary_rule'],,2026-07-07 22:18:11.839954,fraud_model_v1
ae8afe61-ff5e-4013-acbf-08ddab88025e,176e2779-b5a3-45bc-a4ae-3841d99f6734,3.8117147e-08,0.3,approve,low,[],,2026-07-07 22:18:11.839954,fraud_model_v1
9a026dfa-e5d1-4863-8a59-23e342abcaf9,f88d19cf-2d51-4cde-8b27-88fa63e2d425,0.9976152,0.3,review,low,[],"{'distance_from_home_km': 6.174488718356006, 'user_7day_transaction_count': 6.030540387590881, 'amount': 3.153715116823441}",2026-07-07 22:18:11.839954,fraud_model_v1
f32a5732-1e79-4ba1-a4c1-74a58fb7628c,b0d714e7-6d7a-4430-9bbf-baf6d318e741,2.9127577e-07,0.3,approve,low,[],,2026-07-07 22:18:11.839954,fraud_model_v1
7de27cdd-d6a4-4e38-b014-f84704847fde,a4f700ef-5562-4f9e-8c01-6a4c158160df,2.5357047e-06,0.3,block,low,['velocity_rule'],,2026-07-07 22:18:11.839954,fraud_model_v1
642be4e1-f67e-4436-9080-c5560692ae91,b06b64ab-b72a-45c5-9a7b-81fee114cc15,5.53729e-05,0.3,approve,low,[],,2026-07-07 22:18:11.839954,fraud_model_v1
d30daa7f-8011-4074-9b10-466b5e0edf7e,509376db-04de-4b68-9d69-b35d8c574c15,0.004683423,0.3,block,low,['velocity_rule'],,2026-07-07 22:18:11.839954,fraud_model_v1
3772171a-1b10-4bb2-ac95-03d213ed0adb,72d53c3d-ec13-456a-9b13-b57d45784b53,0.004560439,0.3,approve,low,[],,2026-07-07 22:18:11.839954,fraud_model_v1
72e50541-5948-4d40-801e-36f9ce73af22,6df06ec7-da04-480e-81ab-957c3bd21e78,1.8994026e-06,0.3,approve,low,[],,2026-07-07 22:18:11.839954,fraud_model_v1
042824bf-e382-43df-aee4-d70d9b3a9d6f,2ba91dcb-05fd-40b7-819b-11a8d70b37e6,4.059334e-05,0.3,approve,low,[],,2026-07-07 22:18:11.839954,fraud_model_v1
34a00e21-e2f3-4ab1-9a73-552c966dbf50,fcf81c0e-179c-4cc8-a405-8704e298b6ba,2.081324e-06,0.3,approve,low,[],,2026-07-07 22:18:11.839954,fraud_model_v1
f14671d3-db72-4e4e-a62f-c8ffe6470e69,0ecad17a-953d-4679-94d7-349e3f2722ec,0.0001344654,0.3,approve,low,[],,2026-07-07 22:18:11.839954,fraud_model_v1
c66e0202-99f7-40d9-b1aa-a73215497fbc,3ebf7369-fc05-4511-898d-647926f8b53e,4.4578483e-06,0.25,approve,medium,[],,2026-07-07 22:18:11.839954,fraud_model_v1
60aa880e-83da-4fee-bc09-6cfb01a75e42,404cb179-77ff-47d2-9045-526bde182b66,7.055702e-07,0.25,approve,medium,[],,2026-07-07 22:18:11.839954,fraud_model_v1
f54462d9-0d0e-4665-9592-c005b90daf49,700d44e5-8006-4329-91eb-def7943cd5e0,3.269601e-06,0.3,approve,low,[],,2026-07-07 22:18:11.839954,fraud_model_v1
43f10643-a175-4b28-ac39-84ed42345f2e,4e57a871-1dca-46ab-9f81-d75b187a2a27,2.0572591e-07,0.3,approve,low,[],,2026-07-07 22:18:11.839954,fraud_model_v1
138178f7-0bef-40fd-95b2-6db72fa0b724,ba594ae9-3b06-4b9a-b47e-69391315c8fe,2.5346784e-08,0.3,approve,low,[],,2026-07-07 22:18:11.839954,fraud_model_v1
f39b55d4-0059-4700-95d7-eace5ae2480e,87a19e2b-1597-450a-b93d-3fd66780bc5f,2.2002482e-08,0.3,approve,low,[],,2026-07-07 22:18:11.839954,fraud_model_v1
f0185956-46df-4b5a-afde-521eb9fabe35,1fed8158-f5b9-4245-ba03-419d3a346a91,1.3835075e-05,0.3,approve,low,[],,2026-07-07 22:18:11.839954,fraud_model_v1
9aaac37f-9958-465f-aa93-f9834d92382a,40087850-ad97-4965-aa88-71332396e4a8,5.251463e-06,0.3,approve,low,[],,2026-07-07 22:18:11.839954,fraud_model_v1
eaeadb8d-c6b4-42c4-b468-e55701eac8f0,03b5c2a0-314f-47d9-ad39-8f0d6c640be0,0.0020818303,0.25,approve,medium,[],,2026-07-07 22:18:11.839954,fraud_model_v1
a4519e1b-8adb-428b-8350-c08602cd844f,49e9cced-7673-48d5-adee-abe3f7d553d9,3.5545288e-08,0.3,approve,low,[],,2026-07-07 22:18:11.839954,fraud_model_v1
cc02912d-91d9-4e62-93e7-26e56818d3b7,a6cc71d5-78a6-4329-8ee8-2e91f7be418c,0.0007566477,0.25,approve,medium,[],,2026-07-07 22:18:11.839954,fraud_model_v1
21975fa4-4844-4e47-8fef-4922411b8f5b,d50730dc-6fb4-4ad9-8782-9e9b61d4df90,6.2040635e-07,0.25,approve,medium,[],,2026-07-07 22:18:11.839954,fraud_model_v1
671d5fae-f563-49c8-bb29-7fd561395612,f534698c-aeca-4cff-a09e-8465cf6b5276,4.8018487e-06,0.3,approve,low,[],,2026-07-07 22:18:11.839954,fraud_model_v1
4d3942a1-eb93-4034-bffa-c015a1e60dbb,d21699a8-472b-42a0-bbff-b2c88f0195b6,0.0013451979,0.3,block,low,['velocity_rule'],,2026-07-07 22:18:11.839954,fraud_model_v1
9ef580fb-5bf3-4a97-840d-007459b1f72a,08047459-5d14-4d7b-a35b-2ad860f76f67,3.7726143e-06,0.3,approve,low,[],,2026-07-07 22:18:11.839954,fraud_model_v1
477c79c7-ad83-4ff9-90b1-b29d3c4b5312,4df1a2ca-d181-445d-9168-025ac137a30e,0.00020999619,0.3,approve,low,[],,2026-07-07 22:18:11.839954,fraud_model_v1
0d85d41d-8f07-4a47-93e4-e57fa4b4dc12,adc459eb-9818-4ba6-b8a9-a8292d30ac72,0.00023065534,0.25,approve,medium,[],,2026-07-07 22:18:11.839954,fraud_model_v1
736b4c1e-38b0-41be-8bd8-35fadb5ad109,10a3d4f4-28b5-468b-b711-610a116eeb4f,9.123654e-08,0.3,block,low,['velocity_rule'],,2026-07-07 22:18:11.839954,fraud_model_v1
b526874c-74b5-4872-9b05-44a03206a910,89626d6e-fc4b-45cc-a616-947bb399db01,2.2723718e-06,0.3,approve,low,[],,2026-07-07 22:18:11.839954,fraud_model_v1
ffbdb891-c5d9-4445-9ae6-5ba723570dd1,6f8a0b99-23b9-469e-94d9-4a374170a26e,6.8192203e-06,0.3,approve,low,[],,2026-07-07 22:18:11.839954,fraud_model_v1
a27fd7d0-6029-4131-9157-344eaf5f764e,54a6a1ce-aa87-453f-a6d2-12d5da62bff4,3.196644e-08,0.3,block,low,['velocity_rule'],,2026-07-07 22:18:11.839954,fraud_model_v1
cc2902a7-a139-48f1-8e95-d34a77f42cec,3bc96b25-3c65-4be9-abbf-34015e16c8e2,5.576627e-06,0.3,approve,low,[],,2026-07-07 22:18:11.839954,fraud_model_v1
072f9fee-b430-4d73-98d8-fd6cfdcc81e8,4a742dd1-49ed-40e4-8e51-b47721cc3173,1.1617624e-06,0.3,block,low,['velocity_rule'],,2026-07-07 22:18:11.839954,fraud_model_v1
eba219dd-39c3-4781-aa76-7e9d61f26b03,1030b146-3365-406e-bc42-e5471aef2a2b,4.0667584e-07,0.3,block,low,['velocity_rule'],,2026-07-07 22:18:11.839954,fraud_model_v1
ce1c4cf7-a5f1-4e00-84d5-384675d35449,bf46e553-b9e3-4500-af1d-4bb9562c4a46,7.5379758e-06,0.3,approve,low,[],,2026-07-07 22:18:11.839954,fraud_model_v1
7d7cd0d6-9537-4333-ba5e-519c8a079607,e93c5aec-ee9d-4cc4-b0cc-b8452b886460,8.251357e-07,0.25,approve,medium,[],,2026-07-07 22:18:11.839954,fraud_model_v1
3e560ef3-5377-4f9e-b880-ffa53ff4e5a2,69082ab9-38bf-4e05-b21a-c288a294c026,7.508585e-05,0.3,approve,low,[],,2026-07-07 22:18:11.839954,fraud_model_v1
ab16f2a1-35a8-4292-8e62-632b6df1e1c5,8af87313-1a80-4d20-8b1d-d13e1b1760c8,1.9418904e-07,0.3,approve,low,[],,2026-07-07 22:18:11.839954,fraud_model_v1
a98e30f2-1f9f-4fa5-8da3-c41186385022,932e33c7-70ba-4b29-b96e-fc4d80582ff1,0.041790098,0.3,block,low,['high_risk_country_rule'],,2026-07-07 22:18:11.839954,fraud_model_v1
20b75f87-4919-49c9-9d2c-5957606b0853,bffdd5cc-6a12-4aed-a251-eaa7e8c207e3,3.1522588e-05,0.3,approve,low,[],,2026-07-07 22:18:11.839954,fraud_model_v1
2ef8ef60-031f-4928-987a-d8b7aeb35bfe,1a74b251-89a6-4176-b0e3-e9fa6facae22,7.3553345e-08,0.3,block,low,"['velocity_rule', 'new_beneficiary_rule']",,2026-07-07 22:18:11.839954,fraud_model_v1
1f1b77e6-b3ff-4812-b960-f28bd3c27fb7,947f89bb-8218-4055-bcbc-1ffe54167835,0.00038359154,0.25,approve,medium,[],,2026-07-07 22:18:11.839954,fraud_model_v1
6e172e57-ebaa-45fd-8bbf-c975ba65eefc,9a877ffd-2be8-4616-a297-b663964d1d99,5.6833284e-07,0.3,approve,low,[],,2026-07-07 22:18:11.839954,fraud_model_v1
6b2bb766-470f-4bf2-98f5-bc632143d53a,8b59a26c-5e34-4534-bde3-98ddc2d6268b,4.751145e-06,0.3,approve,low,[],,2026-07-07 22:18:11.839954,fraud_model_v1
70023cf0-23bc-4c50-b1b1-d42b417c5bf8,ce1b04a2-68c3-48be-bcfb-f0d6009920d2,0.006381593,0.3,approve,low,[],,2026-07-07 22:18:11.839954,fraud_model_v1
830f1665-dd1b-4ede-9310-b250755b534a,7d45e289-9338-44b5-95e9-25aac33630c4,3.3646877e-05,0.3,approve,low,[],,2026-07-07 22:18:11.839954,fraud_model_v1
9e875400-840f-4efa-89e6-5457f15e36e6,2860a764-d609-447d-b837-fdf8e84459ca,4.0054714e-05,0.3,approve,low,[],,2026-07-07 22:18:11.839954,fraud_model_v1
d1339711-2301-456d-a50f-de9fd5c46822,d31824d3-e2cf-4cdb-abc2-ff9ab29945ed,0.99835545,0.3,review,low,[],"{'beneficiary_account_age_days': 6.734096976126311, 'distance_from_home_km': 4.359427561900811, 'transaction_balance_ratio': 2.9732312216633}",2026-07-07 22:18:11.839954,fraud_model_v1
395acbeb-452b-4252-8a09-f716b17ec5f8,6d57482f-cb5c-4178-bfe3-a9a15e666970,5.9202694e-06,0.3,approve,low,[],,2026-07-07 22:18:11.839954,fraud_model_v1
9e79a0e3-03fb-4e62-af30-2c499384a077,e52458d0-0b6e-4d9b-bed7-aa69acba3181,0.0014596183,0.3,approve,low,[],,2026-07-07 22:18:11.839954,fraud_model_v1
2f18f925-8dd6-426b-8567-b12218c92e29,c604fc2d-2dbb-4952-aadf-9296a944ad6d,0.00030076143,0.3,approve,low,[],,2026-07-07 22:18:11.839954,fraud_model_v1
a9ed9a55-2997-4b2e-b15d-e4d69749cc5a,f805d666-d40a-4eca-800d-b7402a780aca,7.462966e-07,0.3,approve,low,[],,2026-07-07 22:18:11.839954,fraud_model_v1
9a3782eb-567b-43e4-9b9b-d1563df46f0c,4f318b39-0a6c-4719-bca0-68d575e588bf,1.0356237e-07,0.15,approve,high,[],,2026-07-07 22:18:11.839954,fraud_model_v1
d0ffccbd-af71-49ac-94f9-207d5720ede0,75e2ac94-31d8-4d88-9376-594c2e5c64f7,8.85039e-08,0.3,approve,low,[],,2026-07-07 22:18:11.839954,fraud_model_v1
b238224e-dfc6-410d-8a37-67873b962922,f805d666-d40a-4eca-800d-b7402a780aca,0.0062750443,0.3,approve,low,[],,2026-07-07 22:18:11.839954,fraud_model_v1
dab42d50-b986-46db-afbb-175b3063ec97,ba00f9d3-fca1-4eb9-aa77-02fbdf8a636d,7.9473975e-05,0.3,approve,low,[],,2026-07-07 22:18:11.839954,fraud_model_v1
11185f92-4d18-4a3a-bf4e-91e8a2bf65a8,f3900e53-2519-4899-8b3b-2c53c554e09e,0.27349755,0.3,block,low,['biometric_evasion_rule'],,2026-07-07 22:18:11.839954,fraud_model_v1
fc71affd-99f2-4781-974f-cafb2e18df54,88c92cdb-3bcd-4309-bf47-44aca1a7b36d,8.62801e-05,0.25,approve,medium,[],,2026-07-07 22:18:11.839954,fraud_model_v1
8edf6bb4-374a-474d-b717-2843f807d103,d155bbfe-9381-4c3a-b7b2-60e1cad089ff,9.099599e-07,0.3,approve,low,[],,2026-07-07 22:18:11.839954,fraud_model_v1
d95924c1-8591-4e14-8c9c-059b54d0dd34,3a027f13-ac6c-4fb4-bcd3-463cf2804cbb,0.00027747962,0.3,approve,low,[],,2026-07-07 22:18:11.839954,fraud_model_v1
b93cf16c-6ba6-4bb7-a3e6-d96c1e5d096a,31d48ffd-fb7b-47b2-a8d7-1a754b874bc4,2.3899976e-05,0.3,approve,low,[],,2026-07-07 22:18:11.839954,fraud_model_v1
02ec27e5-ef1e-4600-8b48-4bacc759d914,80f8c29c-c911-4c71-b54c-b5044c592f3e,2.4977348e-07,0.3,approve,low,[],,2026-07-07 22:18:11.839954,fraud_model_v1
8f473bd4-9316-4d0c-8a6b-7234ca99c628,57089bc6-80eb-45c5-b159-6635485b7011,2.1303055e-08,0.3,approve,low,[],,2026-07-07 22:18:11.839954,fraud_model_v1
335f7ab0-b601-4505-8f37-9275aefbecd2,e91eaf46-7837-4ba0-97b4-f0a962927520,7.14785e-07,0.25,block,medium,['new_beneficiary_rule'],,2026-07-07 22:18:11.839954,fraud_model_v1
82298426-79e7-4e29-a2b9-cf43571c061f,0cac2cfb-072c-4bfb-a2ef-32e42891f524,7.165965e-07,0.3,approve,low,[],,2026-07-07 22:18:11.839954,fraud_model_v1
5c691a9b-b8f8-499d-8ab3-32bdabb6c3b1,03c0ab3f-1aca-48b4-8a68-0e0dde8663d0,0.00054145546,0.3,approve,low,[],,2026-07-07 22:18:11.839954,fraud_model_v1
dda086ba-bbe3-4033-a9cf-052b166f5430,bed6198c-2664-42ab-8642-c580d048f5e7,1.2156554e-06,0.25,approve,medium,[],,2026-07-07 22:18:11.839954,fraud_model_v1
7c1e3345-08e9-46aa-8bd1-e3ae2b3d4693,dc79b514-4a55-4966-9370-a0bbfdfe6ae7,0.0003972633,0.3,approve,low,[],,2026-07-07 22:18:11.839954,fraud_model_v1
3df34781-2ee5-4626-958c-606c55f658b7,cc5660ff-2e5f-41bd-b097-e9a851ff5fb0,1.7555317e-06,0.25,approve,medium,[],,2026-07-07 22:18:11.839954,fraud_model_v1
87e3b3b9-a5d1-44ea-98b3-52eef739fc4a,41caad3f-ca90-44de-9c0f-a5deb3ad967c,0.99944776,0.3,block,low,['velocity_rule'],,2026-07-07 22:18:11.839954,fraud_model_v1
f802f5bf-20ca-435d-97e0-52bd7d2aee88,913463dd-0e28-42d2-941b-6e80cb11039c,0.00025073218,0.3,approve,low,[],,2026-07-07 22:18:11.839954,fraud_model_v1
5fa98e7b-a482-4485-830a-c168f4e22b80,2e157578-ad5e-49e0-8c1f-a1975a911b70,3.3741534e-07,0.25,approve,medium,[],,2026-07-07 22:18:11.839954,fraud_model_v1
09780602-d530-43e8-bc97-95a0172fe5db,6ca5180f-4ab4-4915-8650-8e971800c5b5,5.859752e-05,0.25,block,medium,['velocity_rule'],,2026-07-07 22:18:11.839954,fraud_model_v1
43e55168-e584-4ae5-8d9a-de54274a5faa,014977e4-671b-4d81-b8cf-d2109cff88fa,0.0018676878,0.3,approve,low,[],,2026-07-07 22:18:11.839954,fraud_model_v1
c8eb1336-a138-4b13-a05b-2dd8c1f330bf,f805d666-d40a-4eca-800d-b7402a780aca,3.0131156e-05,0.3,approve,low,[],,2026-07-07 22:18:11.839954,fraud_model_v1
4962945a-4946-4c39-8989-5992b3d8a822,9f0a6063-d3ac-4e8d-9831-3a262de77067,1.0927926e-05,0.3,approve,low,[],,2026-07-07 22:18:11.839954,fraud_model_v1
06fe670c-eda8-4924-96ff-f70638338c84,40087850-ad97-4965-aa88-71332396e4a8,1.1817643e-07,0.3,approve,low,[],,2026-07-07 22:18:11.839954,fraud_model_v1
3f2ce0e0-e9ab-482b-8ef0-ecfe6143d005,014977e4-671b-4d81-b8cf-d2109cff88fa,1.15968426e-07,0.3,approve,low,[],,2026-07-07 22:18:11.839954,fraud_model_v1
4fb77e15-e9a9-4901-932d-eb7c0e301b0c,014977e4-671b-4d81-b8cf-d2109cff88fa,1.15968426e-07,0.3,approve,low,[],,2026-07-07 22:18:11.839954,fraud_model_v1
3331f7ad-0c1a-45a9-aa60-2725ed773c49,e013a74b-83fa-4038-9c26-b2f44b0cb985,0.03637114,0.3,approve,low,[],,2026-07-07 22:18:11.839954,fraud_model_v1
be67ee6e-d40b-4bc5-8d53-f4b24c74118c,83edc1a9-c00f-4634-bbee-504236a66609,1.7686428e-07,0.3,block,low,['new_beneficiary_rule'],,2026-07-07 22:18:11.839954,fraud_model_v1
4ece8dc8-b51c-41a7-b81b-e2d69a7250d0,97a1b2fd-03c0-4094-9389-1f8101013690,2.9794043e-07,0.3,approve,low,[],,2026-07-07 22:18:11.839954,fraud_model_v1
223789d8-bbe0-4306-bbae-15b85266ce63,d1eb32f7-6468-43a7-8c65-7da9e051feb1,2.4263616e-06,0.25,block,medium,['new_beneficiary_rule'],,2026-07-07 22:18:11.839954,fraud_model_v1
6aa1935e-8cce-4c8e-b24b-a02f4460d90e,14c9784c-8e5b-4c7b-b94f-7034d908444f,0.008746388,0.3,block,low,['new_beneficiary_rule'],,2026-07-07 22:18:11.839954,fraud_model_v1
2299febd-39ce-4eb5-b206-1437736a8ea1,4be001b7-b52c-4ea2-9d86-2839a71290a7,2.3761525e-06,0.3,approve,low,[],,2026-07-07 22:18:11.839954,fraud_model_v1
989c4b70-cc87-4233-bb9d-ac9e58307dfa,3be17567-4f9e-48ba-a801-7010b9029b43,5.4963706e-08,0.15,approve,high,[],,2026-07-07 22:18:11.839954,fraud_model_v1
0ae0f1d7-e863-4e80-bab4-1eef9cd21ab9,5ebef616-f1c7-4b86-b9d5-53c0583dba7b,4.2866222e-06,0.3,approve,low,[],,2026-07-07 22:18:11.839954,fraud_model_v1
be3da2a5-b0cc-4c11-8781-76a70ea1a67c,bc968816-d278-4de2-8fed-b0c7fa58bd53,5.001944e-06,0.3,approve,low,[],,2026-07-07 22:18:11.839954,fraud_model_v1
876fa195-1b19-4f75-8709-d3ab58c9479b,249e6d95-3332-4e7e-af6e-c4b80926cfc4,1.9250909e-05,0.3,block,low,['velocity_rule'],,2026-07-07 22:18:11.839954,fraud_model_v1
b27af6b4-6c52-4753-ad28-e93078c61a0b,bc968816-d278-4de2-8fed-b0c7fa58bd53,0.000233902,0.3,block,low,['new_beneficiary_rule'],,2026-07-07 22:18:11.839954,fraud_model_v1
0cf11999-4cad-4c95-991a-eb21f6025618,eb8820c5-32ab-4325-af49-5f6eaf872388,0.9996675,0.3,review,low,[],"{'beneficiary_account_age_days': 5.383237312404671, 'amount': 4.5130810486816335, 'distance_from_home_km': 3.8389601651404517}",2026-07-07 22:18:11.839954,fraud_model_v1
37fb49eb-9d5e-4d4d-876c-ec30e28cb979,62dc11b8-e942-42f0-b43d-2db66d0ff89c,8.567872e-08,0.3,approve,low,[],,2026-07-07 22:18:11.839954,fraud_model_v1
2bc34e91-00b3-47a7-b0fe-f077f1d4be68,881a5a99-2a46-47bb-810b-502be534bb4f,9.842054e-06,0.3,approve,low,[],,2026-07-07 22:18:11.839954,fraud_model_v1
2a38db22-e4dd-42b4-b169-4e632f2f6b15,63dbf506-4242-44fe-ad5f-43c128e012db,0.021018613,0.3,approve,low,[],,2026-07-07 22:18:11.839954,fraud_model_v1
eef58512-f48d-4bcd-8d18-9c51f4162d06,3ae814ac-e82c-4e46-a78a-9ab2f507a3b2,0.03181237,0.3,approve,low,[],,2026-07-07 22:18:11.839954,fraud_model_v1
a407ded5-fe23-448b-ac94-df7badcec620,db739dc1-09b6-4d11-a8f2-e0ffe9f45bce,7.117697e-05,0.25,approve,medium,[],,2026-07-07 22:18:11.839954,fraud_model_v1
bc279526-5342-44a3-b258-52c9b969d946,6df06ec7-da04-480e-81ab-957c3bd21e78,0.00086191756,0.3,approve,low,[],,2026-07-07 22:18:11.839954,fraud_model_v1
d3319303-19ab-4ac3-8069-a1b4be188c6b,8bd5109d-649c-4446-83d0-069c14a82d46,2.0978e-06,0.3,approve,low,[],,2026-07-07 22:18:11.839954,fraud_model_v1
981711c2-02c7-4c44-a519-66c79cfe790c,38e99023-cc57-4afd-be9d-2e255f526e6d,2.7638382e-08,0.3,approve,low,[],,2026-07-07 22:18:11.839954,fraud_model_v1
1fc073d3-8bc0-4f89-9f7e-1287c74c07ae,26dafd16-ae30-4714-b015-7392b802192e,0.00025160649,0.25,approve,medium,[],,2026-07-07 22:18:11.839954,fraud_model_v1
4678d1af-f6f0-4d8f-8449-0775c7e7ae78,d190b495-4ea9-4fa0-9007-5135163b7c0c,0.99843234,0.3,review,low,[],"{'time_since_last_login_minutes': 5.272063566527795, 'distance_from_home_km': 4.7077997639682145, 'user_7day_transaction_count': 3.2173169015580787}",2026-07-07 22:18:11.839954,fraud_model_v1
25c18fa1-5b3c-4717-8f8a-ab7443bd6ae7,5327fa0e-8de0-4ff7-a0a6-32acf515c87b,8.2468574e-07,0.3,approve,low,[],,2026-07-07 22:18:11.839954,fraud_model_v1
fc625625-4b26-4499-8027-c7b0ad1e7269,03b5c2a0-314f-47d9-ad39-8f0d6c640be0,2.9300527e-05,0.25,approve,medium,[],,2026-07-07 22:18:11.839954,fraud_model_v1
d99fbf15-f3a1-42a2-b7c8-5ef917b6cfc5,77e95aca-912e-4eaa-9d22-2bed743b58c5,3.0925257e-05,0.25,block,medium,['velocity_rule'],,2026-07-07 22:18:11.839954,fraud_model_v1
4dfaa6f4-c89c-4a22-9c46-65f19a34758a,b8264ed6-5d2f-4d11-b4af-5e68fc7fb25d,4.0205628e-06,0.25,approve,medium,[],,2026-07-07 22:18:11.839954,fraud_model_v1
47ff4732-37a8-470a-b23a-3ff734f652ab,aec9cda4-a053-48ad-8072-4653296db565,0.0004053755,0.15,approve,high,[],,2026-07-07 22:18:11.839954,fraud_model_v1
269b66e9-10be-450a-9ee5-b93df107ed94,400322d7-cff0-48bd-852e-a38e838b0dec,1.30371445e-05,0.3,approve,low,[],,2026-07-07 22:18:11.839954,fraud_model_v1
3d9e1a61-3cf2-4023-98a7-cb99c706324b,d03807c8-3240-43d6-b22f-a5fb4d758d1e,1.1556798e-07,0.3,approve,low,[],,2026-07-07 22:18:11.839954,fraud_model_v1
a118021b-8086-4913-bf10-393d696ca124,0dd28fb1-787d-4cc5-871c-fa40fbd8a01b,0.0015983027,0.3,approve,low,[],,2026-07-07 22:18:11.839954,fraud_model_v1
d9e0834d-d234-4282-855b-9e39872c1437,358893f2-8a3d-4a51-bbf6-29512cf18b09,0.9998012,0.3,block,low,['velocity_rule'],,2026-07-07 22:18:11.839954,fraud_model_v1
becaf379-b767-4fd5-b5a0-70f94a1b15be,881a5a99-2a46-47bb-810b-502be534bb4f,7.9062175e-08,0.3,approve,low,[],,2026-07-07 22:18:11.839954,fraud_model_v1
0c05216a-c282-472a-ac22-47b6f27f14b8,13923e64-ba1c-4f30-bb31-75f06bdd6bcd,7.153816e-05,0.3,approve,low,[],,2026-07-07 22:18:11.839954,fraud_model_v1
e960b144-c92b-4317-bd6c-1557a7162d91,020177af-2226-4c3e-81eb-78755f36f485,7.289082e-05,0.3,approve,low,[],,2026-07-07 22:18:11.839954,fraud_model_v1
07211232-5a07-4f31-9ae9-46d44b9045ff,3b66a50b-c09f-4aa8-b4df-cdf026b8cdf1,1.3816609e-06,0.15,approve,high,[],,2026-07-07 22:18:11.839954,fraud_model_v1
949f6a33-20f0-4c82-b528-84ee36f8f5d6,2aed7b14-c84d-4bb2-86e0-fbc3789ec53b,2.3060134e-06,0.3,approve,low,[],,2026-07-07 22:18:11.839954,fraud_model_v1
09b2d397-ed34-44cd-8197-9652cc75a35f,99b31ec1-db78-44aa-9dca-95286fb39ebd,3.5222058e-07,0.3,approve,low,[],,2026-07-07 22:18:11.839954,fraud_model_v1
8bfd79ff-d36c-4e28-a300-d7060facbab8,68c38f71-bba7-4bfe-a3ca-3f567b5671fd,1.9909933e-06,0.3,approve,low,[],,2026-07-07 22:18:11.839954,fraud_model_v1
72343f44-f90c-4bd4-a9ae-17182e339eb7,2cb50d6e-57f1-4e26-b6f7-16789f51c83c,0.0007425903,0.3,approve,low,[],,2026-07-07 22:18:11.839954,fraud_model_v1
90b44c19-525e-4e24-8465-f5c8c7817bd4,e8a272c5-0dd9-472e-a30b-189986709d3f,0.00018086159,0.25,approve,medium,[],,2026-07-07 22:18:11.839954,fraud_model_v1
682e1088-3090-40c7-a134-2b1384a85b3c,ba7b3383-d8e0-4258-ad1e-974aaa48464e,1.3568032e-06,0.3,approve,low,[],,2026-07-07 22:18:11.839954,fraud_model_v1
cb78a66d-41d0-4923-aa3b-f68919c29a20,6f3cb263-ba75-4134-8826-a831293da3fa,0.026409552,0.25,block,medium,['velocity_rule'],,2026-07-07 22:18:11.839954,fraud_model_v1
83938efb-ff2b-4f56-9145-2a837d6d982f,c7584129-d1d8-425f-8d26-f658c34dc062,3.505023e-07,0.15,approve,high,[],,2026-07-07 22:18:11.839954,fraud_model_v1
f0c97cc0-ad6b-4eda-825c-ab02b2754670,a61a422a-af77-4d35-bdc1-ea534af31846,2.716773e-05,0.3,approve,low,[],,2026-07-07 22:18:11.839954,fraud_model_v1
f302a977-78eb-4cb1-98f1-937cb4805c2c,e91eaf46-7837-4ba0-97b4-f0a962927520,2.1223743e-06,0.25,approve,medium,[],,2026-07-07 22:18:11.839954,fraud_model_v1
9a45b5f1-8746-48a9-aab1-ed4d4173800f,55144a61-0fdf-4e9e-b743-bc3f7a4262bf,9.948147e-07,0.3,approve,low,[],,2026-07-07 22:18:11.839954,fraud_model_v1
4351a5f8-f416-4c3b-b2c7-142f7f40a247,ea740b8c-77bf-4cb9-92f4-85323631368a,1.8829554e-05,0.3,approve,low,[],,2026-07-07 22:18:11.839954,fraud_model_v1
57a05a01-f2ce-4724-919c-61c738197ee2,5b01561e-9289-49d6-b051-b31e7a7a855c,1.5431999e-06,0.3,approve,low,[],,2026-07-07 22:18:11.839954,fraud_model_v1
adf041fb-edb8-49fa-be8b-8e08bec7557d,700d44e5-8006-4329-91eb-def7943cd5e0,8.2813635e-08,0.3,approve,low,[],,2026-07-07 22:18:11.839954,fraud_model_v1
5ed970a8-94c9-4441-9805-207d30ed4f71,697b2037-a4ae-4d8a-9945-fa599a2f5e55,0.00030090538,0.3,block,low,['velocity_rule'],,2026-07-07 22:18:11.839954,fraud_model_v1
79847721-1127-4efb-a8bd-2a600a3b534d,9b546604-a8ee-416f-ab33-fbc392d7506b,3.478598e-08,0.3,block,low,['new_beneficiary_rule'],,2026-07-07 22:18:11.839954,fraud_model_v1
b9cffdd3-faaa-4ee0-8d7c-1ec8c96fb815,f45a6bb7-6f78-4e65-ae55-cdff5867a14d,4.577953e-05,0.3,block,low,['velocity_rule'],,2026-07-07 22:18:11.839954,fraud_model_v1
bb77a0fd-f848-48af-bddc-c2532f4eb20c,422d8904-8e72-4748-b363-2541d255b07e,5.434524e-06,0.3,approve,low,[],,2026-07-07 22:18:11.839954,fraud_model_v1
15e3c954-cd03-4f18-9592-0d9eb1baa179,cd3cca39-697d-45d7-a004-5d08f65fa7df,0.0054163886,0.15,approve,high,[],,2026-07-07 22:18:11.839954,fraud_model_v1
1a11ead3-fb23-46d2-8d12-c07a052ede6e,82010671-f2da-44a6-8c28-921172178a87,4.4142907e-06,0.3,approve,low,[],,2026-07-07 22:18:11.839954,fraud_model_v1
ed5ee936-c0f6-4e2b-a3b1-c8ceee15d183,50e618b8-31c8-44d8-b261-d298f1b0b5f8,1.7175803e-07,0.3,approve,low,[],,2026-07-07 22:18:11.839954,fraud_model_v1
a6813733-d111-4232-bcf7-df984a060dfd,df5aa378-ecea-441e-a671-9b4e00ef0774,2.2713029e-07,0.3,block,low,['high_risk_country_rule'],,2026-07-07 22:18:11.839954,fraud_model_v1
8c1dce52-0ad1-4c15-8e83-9accd8e84f88,061f83e6-a18c-4c46-8e46-fc9475a8da98,3.3877535e-07,0.3,block,low,['high_risk_country_rule'],,2026-07-07 22:18:11.839954,fraud_model_v1
6e706424-a0ec-4fa5-b164-fc36980a2317,2512fc08-3a87-4e03-a27b-3c1d651c4f4e,1.6081556e-08,0.25,approve,medium,[],,2026-07-07 22:18:11.839954,fraud_model_v1
bd0c106a-69ef-4e7f-959d-9fba67d45688,ed25f1c5-eaa4-41c9-a2dd-fe86a455ecb7,2.0588234e-07,0.3,approve,low,[],,2026-07-07 22:18:11.839954,fraud_model_v1
ba6c9406-35dc-4798-86c2-496d8887a13d,7525e7e9-912d-4c30-927e-c255b76be069,4.1405926e-08,0.3,approve,low,[],,2026-07-07 22:18:11.839954,fraud_model_v1
91744d81-26b2-4d65-891f-0efe3c7feaba,a8c3dc7b-d890-43f5-aec6-1033d46ba8a7,0.001429872,0.25,approve,medium,[],,2026-07-07 22:18:11.839954,fraud_model_v1
4f6fe588-fc4d-4e79-9b1c-ee223547c4e4,6d8ff0cb-96c6-43c9-91ac-ab7fc76c35c4,0.008613776,0.3,approve,low,[],,2026-07-07 22:18:11.839954,fraud_model_v1
b49e8078-3885-4b31-bdf3-f5f722a395b2,80276b12-db04-4e91-9279-6f37e875b351,1.2626323e-06,0.25,approve,medium,[],,2026-07-07 22:18:11.839954,fraud_model_v1
0881b5e0-2ccc-42e4-bb14-df5470460c91,965eef46-72b2-426f-aa24-47d3a443991c,5.0289594e-07,0.25,approve,medium,[],,2026-07-07 22:18:11.839954,fraud_model_v1
c32aae84-e143-409e-968c-e134c040bd19,350e490d-e179-4448-84e1-096ed5de7088,1.6886708e-05,0.25,approve,medium,[],,2026-07-07 22:18:11.839954,fraud_model_v1
7d079396-95ca-469a-b8ac-9017dd499d2b,e52458d0-0b6e-4d9b-bed7-aa69acba3181,1.0598269e-07,0.3,approve,low,[],,2026-07-07 22:18:11.839954,fraud_model_v1
13d55753-40e9-4a77-8591-d978f83aeb3f,2451124a-0ced-4d4d-9334-07b91423300b,1.6498743e-05,0.3,approve,low,[],,2026-07-07 22:18:11.839954,fraud_model_v1
4315f40d-8256-44f6-907e-eff467b9f69f,8094d3ed-2c87-4697-afbb-dd9f58ffaae1,0.00018207783,0.3,approve,low,[],,2026-07-07 22:18:11.839954,fraud_model_v1
c3d72363-683f-4add-9778-53ddbcd445b7,3941715f-6c14-4031-9cb7-884cf67ce3d9,0.0025888865,0.3,approve,low,[],,2026-07-07 22:18:11.839954,fraud_model_v1
0e0d599e-782a-407b-bed3-0fd561913e00,aa9ea03e-43c5-4272-9c84-8f8abf3823fa,0.005673382,0.3,approve,low,[],,2026-07-07 22:18:11.839954,fraud_model_v1
465a520d-a6e6-45a7-869a-0898dd15e954,b974d411-1511-445b-ab37-91ac09091d94,5.0768443e-07,0.15,approve,high,[],,2026-07-07 22:18:11.839954,fraud_model_v1
77f0cf44-3771-424d-b2ad-ba5ac13295a0,0ecad17a-953d-4679-94d7-349e3f2722ec,4.5575248e-07,0.3,approve,low,[],,2026-07-07 22:18:11.839954,fraud_model_v1
c825cc9b-dfbc-4344-8411-066337d0127a,513cf1cc-6b8f-4812-91f2-9d3c25939bc3,3.7270172e-05,0.25,approve,medium,[],,2026-07-07 22:18:11.839954,fraud_model_v1
eb24f203-4ae1-4e59-85f7-307face6ea61,ef2ad34a-761f-4c4e-81b6-28858552bcdc,3.972912e-07,0.3,block,low,['velocity_rule'],,2026-07-07 22:18:11.839954,fraud_model_v1
09e55f92-b8c1-46d7-9371-f400e0968beb,cccfd6d4-1327-4da0-bd0b-4648e6c3c672,0.00032561086,0.3,approve,low,[],,2026-07-07 22:18:11.839954,fraud_model_v1
f2c33f10-4dbf-4a31-aeb4-d50df18c5006,cccfd6d4-1327-4da0-bd0b-4648e6c3c672,0.00041848738,0.3,approve,low,[],,2026-07-07 22:18:11.839954,fraud_model_v1
ae0a8755-6487-4e5e-bd5e-be719de88e98,f45a6bb7-6f78-4e65-ae55-cdff5867a14d,4.8100716e-05,0.3,approve,low,[],,2026-07-07 22:18:11.839954,fraud_model_v1
19b09d67-78b8-48b4-a9e8-3fad889355a2,ecd1bed0-d4df-4f5a-b05c-28a07c30fabb,9.473561e-07,0.3,approve,low,[],,2026-07-07 22:18:11.839954,fraud_model_v1
e4c46b16-37e3-493d-8db9-47becd32c0c0,808ba1f1-09d8-47ff-a280-65a8137ff6e3,4.0210122e-07,0.3,approve,low,[],,2026-07-07 22:18:11.839954,fraud_model_v1
417bc3dd-8661-4917-9df9-b7054128d1b5,51d0d7c6-d180-446f-bff7-2461daf3ca4f,1.5096961e-06,0.15,approve,high,[],,2026-07-07 22:18:11.839954,fraud_model_v1
4201368a-f80b-4eb6-af5a-98bfab328779,b4ef2113-3a31-42a9-aca7-8fe6b0b12153,4.1810594e-07,0.3,approve,low,[],,2026-07-07 22:18:11.839954,fraud_model_v1
6cfd5c48-4a81-4178-a711-f7053639b759,811c4f90-3e34-4529-bd12-fe2f24420250,0.0329165,0.15,approve,high,[],,2026-07-07 22:18:11.839954,fraud_model_v1
55cffebd-3b95-4edc-8cac-07a9ab9bd35e,d04ea1fc-6a08-472d-a542-3ca9ddc30d69,6.4844976e-06,0.3,block,low,['new_beneficiary_rule'],,2026-07-07 22:18:11.839954,fraud_model_v1
b9f93f93-27c4-4ba2-a586-8957c87de92d,3ebf7369-fc05-4511-898d-647926f8b53e,2.9694498e-08,0.25,approve,medium,[],,2026-07-07 22:18:11.839954,fraud_model_v1
25bc4131-0235-4c4b-aa48-8764ef907b33,81fdbb6b-f17f-4f68-87e6-4366ae1d2e2f,2.983433e-08,0.3,block,low,['velocity_rule'],,2026-07-07 22:18:11.839954,fraud_model_v1
e23f0852-ec18-4830-a34a-d9a6834a3d34,97a37f95-337d-4ea7-8f45-a73fcaefd7c9,4.318882e-05,0.15,approve,high,[],,2026-07-07 22:18:11.839954,fraud_model_v1
1de533c6-b1b6-44b2-b3b6-9bc7c3cf16c3,756509e4-90fd-4052-93f2-50a16317ea05,9.9411474e-05,0.25,block,medium,['high_risk_country_rule'],,2026-07-07 22:18:11.839954,fraud_model_v1
8936e72c-86d3-4e7e-9dcd-400d3cfc4743,ca581f44-69c4-4073-b143-42f420705cf1,0.9987413,0.15,review,high,[],"{'beneficiary_account_age_days': 8.433549781671026, 'distance_from_home_km': 8.299771460850025, 'transaction_balance_ratio': 3.2058136591757647}",2026-07-07 22:18:11.839954,fraud_model_v1
e0d1885c-f548-431c-8ad6-5387d771ba39,5a054789-3688-43c5-ab93-789fdd64d5ae,0.9948555,0.3,review,low,[],"{'distance_from_home_km': 7.319578885573428, 'time_since_last_login_minutes': 5.429771261588903, 'amount': 4.565808906423045}",2026-07-07 22:18:11.839954,fraud_model_v1
bfcbe1fd-bbb2-47f3-9018-e624d79b4ce2,19471b21-9472-4d1c-b2e6-8bd5f6d9e2f4,3.5391085e-07,0.3,approve,low,[],,2026-07-07 22:18:11.839954,fraud_model_v1
d32b5144-0a3a-4670-8fe7-3abbd1b7207c,047b25d2-eb24-4414-b36f-c30b4a89081e,0.0033633919,0.3,approve,low,[],,2026-07-07 22:18:11.839954,fraud_model_v1
b95f67b6-a3f2-4dbe-b292-2b5709247d12,11e00922-e310-4e97-8f05-b6b821152a4a,1.8794142e-05,0.3,approve,low,[],,2026-07-07 22:18:11.839954,fraud_model_v1
42c40d6b-b25b-40ef-95f3-bef81ecf1925,b544d733-2deb-414c-89aa-d22de763e9e3,7.838693e-06,0.3,approve,low,[],,2026-07-07 22:18:11.839954,fraud_model_v1
f0d0f619-ef14-48b9-bd13-53fc2b713dfd,8d98add7-b8e8-4c1e-a022-62df78fa86ff,0.00047935138,0.3,approve,low,[],,2026-07-07 22:18:11.839954,fraud_model_v1
4ac27044-2ba3-48bd-8a01-0822838a16a1,52028f50-bbeb-4cd0-829a-d002756bb778,1.6662623e-06,0.15,approve,high,[],,2026-07-07 22:18:11.839954,fraud_model_v1
681cf0d0-6554-4ae6-8530-783bc7bf8c56,0dd28fb1-787d-4cc5-871c-fa40fbd8a01b,3.8097547e-05,0.3,approve,low,[],,2026-07-07 22:18:11.839954,fraud_model_v1
1fc26018-11f9-4fda-9d4a-ae61cc542ef9,4b36e286-017f-419e-9f44-fb17c92b98a9,0.000948709,0.3,approve,low,[],,2026-07-07 22:18:11.839954,fraud_model_v1
6c10c9cd-2686-44d9-9748-3283321b40c6,2e157578-ad5e-49e0-8c1f-a1975a911b70,5.4774176e-07,0.25,approve,medium,[],,2026-07-07 22:18:11.839954,fraud_model_v1
a64658e2-7416-49f9-ab21-9f043ad69409,2f6306ff-5bdb-4fb4-af3f-5d5f331fcc73,8.5107587e-07,0.3,approve,low,[],,2026-07-07 22:18:11.839954,fraud_model_v1
416d7455-300a-40a5-b5f7-3877dce86397,ac9c823a-187e-4e8a-a658-6e439896a152,0.99990225,0.3,block,low,['high_risk_country_rule'],,2026-07-07 22:18:11.839954,fraud_model_v1
63becd60-6f7a-4232-9397-eb63326a7599,a61da9e7-5229-4cba-aa4a-89475c6f5f0c,3.470633e-05,0.25,approve,medium,[],,2026-07-07 22:18:11.839954,fraud_model_v1
649f1afd-2598-45de-a3db-1d5c6d333c9c,80457785-cb52-41f4-88da-f9dd50d984b4,0.012647563,0.3,approve,low,[],,2026-07-07 22:18:11.839954,fraud_model_v1
a1fe5d63-9ef3-44c2-bb24-e64cb8312edf,1c85d774-37a7-45e0-b448-8bf905c9e3b2,3.9309193e-06,0.25,block,medium,['velocity_rule'],,2026-07-07 22:18:11.839954,fraud_model_v1
16662990-7ea0-48f2-a0eb-603bafe109c9,df095ce8-bd13-466e-83ba-49a668a21c48,0.0054851347,0.3,block,low,['velocity_rule'],,2026-07-07 22:18:11.839954,fraud_model_v1
0ceb7f00-7f05-4b3d-a6bd-37b7e385b8aa,7de7f330-1802-4263-ac62-f8095a818f64,4.2049064e-06,0.25,approve,medium,[],,2026-07-07 22:18:11.839954,fraud_model_v1
8a858d10-02a2-47f2-a066-7b72640a3d72,a3129ca9-db88-494c-97a6-8446e2d9121a,7.508164e-08,0.3,approve,low,[],,2026-07-07 22:18:11.839954,fraud_model_v1
2e7f9409-b3d2-45cb-a5f1-21bf01f32e2c,236dc884-0cdf-4db8-80af-bc6964fd5ed8,7.6544964e-08,0.3,approve,low,[],,2026-07-07 22:18:11.839954,fraud_model_v1
9599c6d7-6d31-4063-b890-844cf9db93e1,bc908e48-f566-41ac-adae-bf6f55a6e6d9,2.246968e-07,0.3,block,low,"['velocity_rule', 'biometric_evasion_rule']",,2026-07-07 22:18:11.839954,fraud_model_v1
7ab71865-c168-426e-aacb-a0247b039f32,69b17f44-16b3-44f7-acaf-7439ca67a34e,0.035767317,0.3,approve,low,[],,2026-07-07 22:18:11.839954,fraud_model_v1
caafbf25-b802-445b-bdb4-9f8c0e4f36e7,da33c435-008b-4555-9e05-9ecb2e48f2f5,1.1384968e-06,0.3,approve,low,[],,2026-07-07 22:18:11.839954,fraud_model_v1
033c06ef-b71a-422a-b35e-5ad6162fc06b,edd8c0f2-45dd-4ac7-bb15-3dd64f0f3874,1.0800922e-05,0.3,block,low,['velocity_rule'],,2026-07-07 22:18:11.839954,fraud_model_v1
240342e8-0934-424f-998f-443e7344110b,eff4f8cb-35a3-4b9d-a818-7b809d7a1c8a,1.6348835e-06,0.15,approve,high,[],,2026-07-07 22:18:11.839954,fraud_model_v1
77b5d7fe-4257-4b7e-906d-d5f6c7660d2c,3d9dbf68-779c-4aab-b4d0-3b632a983106,0.00012540135,0.15,approve,high,[],,2026-07-07 22:18:11.839954,fraud_model_v1
263aadae-d4e4-459f-90d0-a555dd86454a,6d91ace9-1664-485d-b107-99ce03603f9c,1.2476207e-05,0.3,approve,low,[],,2026-07-07 22:18:11.839954,fraud_model_v1
ee86142a-a00e-4c87-898d-a9c30ded410f,a54ec737-80d3-4c05-8746-3e9d0c468d02,1.01165615e-05,0.3,approve,low,[],,2026-07-07 22:18:11.839954,fraud_model_v1
ce3a013e-0e07-446d-b2cb-4b735607bf90,ad79a68b-dc9d-4582-bcd6-7e70de970e9a,0.99957615,0.3,review,low,[],"{'beneficiary_account_age_days': 7.782129404370207, 'distance_from_home_km': 7.752697803266346, 'amount': 4.136276495476486}",2026-07-07 22:18:11.839954,fraud_model_v1
